year_of_match,date_time,stage,city,home_team_name,home_team_goals,away_team_goals,away_team_name,win_conditions,attendance,half_time_home_goals,half_time_away_goals,referee,assistant_1,assistant_2,round_id,match_id,home_team_initials,away_team_initials
'1990', '24 Jun 1990 - 17:00', 'Round of 16', 'Turin ', 'Brazil',0,1, 'Argentina', '',61381,0,0, 'QUINIOU Joel (FRA)', 'SPIRIN Alexey (RUS)', 'PAIRETTO Pierluigi (ITA)',323,25, 'BRA', 'ARG'
'1990', '08 Jun 1990 - 18:00', 'Group B', 'Milan ', 'Argentina',0,1, 'Cameroon', '',73780,0,0, 'VAUTROT Michel (FRA)', 'MAURO Vincent (USA)', 'LISTKIEWICZ Michal (POL)',322,26, 'ARG', 'CMR'
'1990', '08 Jul 1990 - 20:00', 'Final', 'Rome ', 'Germany FR',1,0, 'Argentina', '',73603,0,0, 'CODESAL MENDEZ Edgardo (MEX)', 'PEREZ HOYOS Armando (COL)', 'LISTKIEWICZ Michal (POL)',3462,27, 'FRG', 'ARG'
'1990', '03 Jul 1990 - 20:00', 'Semi-finals', 'Naples ', 'Italy',1,1, 'Argentina', ' win on penalties (3 - 4)',59978,0,0, 'VAUTROT Michel (FRA)', 'LISTKIEWICZ Michal (POL)', 'MIKKELSEN Peter (DEN)',3464,28, 'ITA', 'ARG'
'1990', '18 Jun 1990 - 21:00', 'Group B', 'Naples ', 'Argentina',1,1, 'Romania', '',52733,0,0, 'SILVA VALENTE Carlos Alberto (POR)', 'ULLOA MORERA Berny (CRC)', 'LONGHI Carlo (ITA)',322,29, 'ARG', 'ROU'
'1990', '13 Jun 1990 - 21:00', 'Group B', 'Naples ', 'Argentina',2,0, 'Soviet Union', '',55759,1,0, 'FREDRIKSSON Erik (SWE)', 'RAMIZ WRIGHT Jose (BRA)', 'AL SHARIF Jamal (SYR)',322,30, 'ARG', 'URS'
'1990', '30 Jun 1990 - 17:00', 'Quarter-finals', 'Florence ', 'Yugoslavia',0,0, 'Argentina', ' win on penalties (2 - 3)',38971,0,0, 'ROETHLISBERGER Kurt (SUI)', 'JOUINI Neji (TUN)', 'HANSAL Mohamed (ALG)',751,31, 'YUG', 'ARG'
'1990', '09 Jun 1990 - 21:00', 'Group A', 'Rome ', 'Italy',1,0, 'Austria', '',73303,0,0, 'RAMIZ WRIGHT Jose (BRA)', 'PEREZ HOYOS Armando (COL)', 'SILVA VALENTE Carlos Alberto (POR)',322,42, 'ITA', 'AUT'
'1990', '15 Jun 1990 - 17:00', 'Group A', 'Florence ', 'Austria',0,1, 'Czechoslovakia', '',38962,0,1, 'SMITH George (SCO)', 'LORENC Richard (AUS)', 'AL SHARIF Jamal (SYR)',322,43, 'AUT', 'TCH'
'1990', '19 Jun 1990 - 21:00', 'Group A', 'Florence ', 'Austria',2,1, 'USA', '',34857,0,0, 'AL SHARIF Jamal (SYR)', 'LORENC Richard (AUS)', 'PETROVIC Zoran (SRB)',322,48, 'AUT', 'USA'
'1990', '26 Jun 1990 - 21:00', 'Round of 16', 'Bologna ', 'England',1,0, 'Belgium', 'England win after extra time',34520,0,0, 'MIKKELSEN Peter (DEN)', 'KOHL Helmut (AUT)', 'TAKADA Shizuo (JPN)',323,55, 'ENG', 'BEL'
'1990', '21 Jun 1990 - 17:00', 'Group E', 'Verona ', 'Belgium',1,2, 'Spain', '',35950,1,2, 'LOUSTAU Juan (ARG)', 'MACIEL Carlos (PAR)', 'MAURO Vincent (USA)',322,56, 'BEL', 'ESP'
'1990', '12 Jun 1990 - 17:00', 'Group E', 'Verona ', 'Belgium',2,0, 'Korea Republic', '',32790,0,0, 'MAURO Vincent (USA)', 'SNODDY Alan (NIR)', 'COURTNEY George (ENG)',322,57, 'BEL', 'KOR'
'1990', '17 Jun 1990 - 21:00', 'Group E', 'Verona ', 'Belgium',3,1, 'Uruguay', '',33759,2,0, 'KIRSCHEN Siegfried (GER)', 'MIKKELSEN Peter (DEN)', 'SPIRIN Alexey (RUS)',322,66, 'BEL', 'URU'
'1990', '16 Jun 1990 - 17:00', 'Group C', 'Turin ', 'Brazil',1,0, 'Costa Rica', '',58007,1,0, 'JOUINI Neji (TUN)', 'DIRAMBA Jean Fidele (GAB)', 'MANDI Jassim (BHR)',322,73, 'BRA', 'CRC'
'1990', '20 Jun 1990 - 21:00', 'Group C', 'Turin ', 'Brazil',1,0, 'Scotland', '',62502,0,0, 'KOHL Helmut (AUT)', 'LISTKIEWICZ Michal (POL)', 'KIRSCHEN Siegfried (GER)',322,74, 'BRA', 'SCO'
'1990', '10 Jun 1990 - 21:00', 'Group C', 'Turin ', 'Brazil',2,1, 'Sweden', '',62628,1,0, 'LANESE Tullio (ITA)', 'VAUTROT Michel (FRA)', 'JOUINI Neji (TUN)',322,75, 'BRA', 'SWE'
'1990', '23 Jun 1990 - 17:00', 'Round of 16', 'Naples ', 'Cameroon',2,1, 'Colombia', 'Cameroon win after extra time',50026,0,0, 'LANESE Tullio (ITA)', 'AL SHARIF Jamal (SYR)', 'ULLOA MORERA Berny (CRC)',323,102, 'CMR', 'COL'
'1990', '01 Jul 1990 - 21:00', 'Quarter-finals', 'Naples ', 'England',3,2, 'Cameroon', 'England win after extra time',55205,0,0, 'CODESAL MENDEZ Edgardo (MEX)', 'MAURO Vincent (USA)', 'MANDI Jassim (BHR)',751,103, 'ENG', 'CMR'
'1990', '14 Jun 1990 - 17:00', 'Group B', 'Bari ', 'Cameroon',2,1, 'Romania', '',38687,0,0, 'SILVA ARCE Hernan (CHI)', 'SILVA VALENTE Carlos Alberto (POR)', 'PEREZ HOYOS Armando (COL)',322,108, 'CMR', 'ROU'
