id,round_id,match_id,team_initials,coach_name,line_up,shirt_number,player_name,position,event
9965,262,1986, 'BRA', 'ZAGALLO Mario (BRA)', 'S',1, 'LEAO', 'GK', ''
9966,262,1986, 'YUG', 'MILJANIC Miljan (SRB)', 'S',1, 'Enver MARIC', 'GK', ''
9967,262,1986, 'BRA', 'ZAGALLO Mario (BRA)', 'S',2, 'LUIS PEREIRA', '', ''
9968,262,1986, 'YUG', 'MILJANIC Miljan (SRB)', 'S',2, 'Ivan BULJAN', '', ''
9969,262,1986, 'BRA', 'ZAGALLO Mario (BRA)', 'S',3, 'MARINHO PERES', '', ''
9970,262,1986, 'YUG', 'MILJANIC Miljan (SRB)', 'S',3, 'Enver HADZIABDIC', '', ''
9971,262,1986, 'BRA', 'ZAGALLO Mario (BRA)', 'S',5, 'WILSON PIAZZA', 'C', ''
9972,262,1986, 'YUG', 'MILJANIC Miljan (SRB)', 'S',4, 'Drazen MUZINIC', '', ''
9973,262,1986, 'BRA', 'ZAGALLO Mario (BRA)', 'S',6, 'MARINHO CHAGAS', '', ''
9974,262,1986, 'YUG', 'MILJANIC Miljan (SRB)', 'S',5, 'Josip KATALINSKI', '', ''
9975,262,1986, 'BRA', 'ZAGALLO Mario (BRA)', 'S',7, 'JAIRZINHO', '', ''
9976,262,1986, 'YUG', 'MILJANIC Miljan (SRB)', 'S',6, 'Vladislav BOGICEVIC', '', ''
9977,262,1986, 'BRA', 'ZAGALLO Mario (BRA)', 'S',8, 'LEIVINHA', '', ''
9978,262,1986, 'YUG', 'MILJANIC Miljan (SRB)', 'S',7, 'Ilija PETKOVIC', '', ''
9979,262,1986, 'BRA', 'ZAGALLO Mario (BRA)', 'S',10, 'RIVELINO', '', ''
9980,262,1986, 'YUG', 'MILJANIC Miljan (SRB)', 'S',8, 'Branko OBLAK', '', 'Y17'
9981,262,1986, 'BRA', 'ZAGALLO Mario (BRA)', 'S',11, 'PAULO CESAR', '', ''
9982,262,1986, 'YUG', 'MILJANIC Miljan (SRB)', 'S',9, 'Ivica SURJAK', '', ''
9983,262,1986, 'BRA', 'ZAGALLO Mario (BRA)', 'S',13, 'VALDOMIRO', '', ''
9984,262,1986, 'YUG', 'MILJANIC Miljan (SRB)', 'S',10, 'Jovan ACIMOVIC', '', 'Y49'
