year_of_match,country,winner,runners_up,third,fourth,goals_scored,qualified_teams,matches_played,attendance
1974, 'Germany', 'Germany FR', 'Netherlands', 'Poland', 'Brazil',97,16,38,1865
1978, 'Argentina', 'Argentina', 'Netherlands', 'Brazil', 'Italy',102,16,38,1545
1986, 'Mexico', 'Argentina', 'Germany FR', 'France', 'Belgium',132,24,52,2394
1990, 'Italy', 'Germany FR', 'Argentina', 'Italy', 'England',115,24,52,2516
1994, 'USA', 'Brazil', 'Italy', 'Sweden', 'Bulgaria',141,24,52,3587
1998, 'France', 'France', 'Brazil', 'Croatia', 'Netherlands',171,32,64,2785
2002, 'Korea/Japan', 'Brazil', 'Germany', 'Turkey', 'Korea Republic',161,32,64,2705
2006, 'Germany', 'Italy', 'France', 'Germany', 'Portugal',147,32,64,3359
2014, 'Brazil', 'Germany', 'Argentina', 'Netherlands', 'Brazil',171,32,64,3386
