match_id,inning,batting_team,bowling_team,overs,ball,batsmen,non_striker_batsmen,bowler,is_super_over,wide_runs,bye_runs,legbye_runs,noball_runs,penalty_runs,batsman_runs,extra_runs,total_runs,player_dismissed,dismissal_kind,fielder
1,1,Sunrisers Hyderabad,Royal Challengers Bangalore,1,1,DA Warner,S Dhawan,TS Mills,0,0,0,0,0,0,0,0,0,,,
1,1,Sunrisers Hyderabad,Royal Challengers Bangalore,1,2,DA Warner,S Dhawan,TS Mills,0,0,0,0,0,0,0,0,0,,,
1,1,Sunrisers Hyderabad,Royal Challengers Bangalore,1,3,DA Warner,S Dhawan,TS Mills,0,0,0,0,0,0,4,0,4,,,
1,1,Sunrisers Hyderabad,Royal Challengers Bangalore,1,4,DA Warner,S Dhawan,TS Mills,0,0,0,0,0,0,0,0,0,,,
1,1,Sunrisers Hyderabad,Royal Challengers Bangalore,1,5,DA Warner,S Dhawan,TS Mills,0,2,0,0,0,0,0,2,2,,,
1,1,Sunrisers Hyderabad,Royal Challengers Bangalore,1,6,S Dhawan,DA Warner,TS Mills,0,0,0,0,0,0,0,0,0,,,
1,1,Sunrisers Hyderabad,Royal Challengers Bangalore,1,7,S Dhawan,DA Warner,TS Mills,0,0,0,1,0,0,0,1,1,,,
1,1,Sunrisers Hyderabad,Royal Challengers Bangalore,2,1,S Dhawan,DA Warner,A Choudhary,0,0,0,0,0,0,1,0,1,,,
1,1,Sunrisers Hyderabad,Royal Challengers Bangalore,2,2,DA Warner,S Dhawan,A Choudhary,0,0,0,0,0,0,4,0,4,,,
1,1,Sunrisers Hyderabad,Royal Challengers Bangalore,2,3,DA Warner,S Dhawan,A Choudhary,0,0,0,0,1,0,0,1,1,,,
1,1,Sunrisers Hyderabad,Royal Challengers Bangalore,2,4,DA Warner,S Dhawan,A Choudhary,0,0,0,0,0,0,6,0,6,,,
1,1,Sunrisers Hyderabad,Royal Challengers Bangalore,2,5,DA Warner,S Dhawan,A Choudhary,0,0,0,0,0,0,0,0,0,DA Warner,caught,Mandeep Singh
1,1,Sunrisers Hyderabad,Royal Challengers Bangalore,2,6,MC Henriques,S Dhawan,A Choudhary,0,0,0,0,0,0,0,0,0,,,
1,1,Sunrisers Hyderabad,Royal Challengers Bangalore,2,7,MC Henriques,S Dhawan,A Choudhary,0,0,0,0,0,0,4,0,4,,,
1,1,Sunrisers Hyderabad,Royal Challengers Bangalore,3,1,S Dhawan,MC Henriques,TS Mills,0,0,0,0,0,0,1,0,1,,,
1,1,Sunrisers Hyderabad,Royal Challengers Bangalore,3,2,MC Henriques,S Dhawan,TS Mills,0,0,0,0,0,0,0,0,0,,,
1,1,Sunrisers Hyderabad,Royal Challengers Bangalore,3,3,MC Henriques,S Dhawan,TS Mills,0,0,0,0,0,0,0,0,0,,,
1,1,Sunrisers Hyderabad,Royal Challengers Bangalore,3,4,MC Henriques,S Dhawan,TS Mills,0,0,0,0,0,0,3,0,3,,,
1,1,Sunrisers Hyderabad,Royal Challengers Bangalore,3,5,S Dhawan,MC Henriques,TS Mills,0,0,0,0,0,0,1,0,1,,,
1,1,Sunrisers Hyderabad,Royal Challengers Bangalore,3,6,MC Henriques,S Dhawan,TS Mills,0,0,0,0,0,0,1,0,1,,,
