id,season,city,match_date,team1,team2,toss_winner,toss_decision,result,dl_applied,winner,win_by_runs,win_by_wickets,player_of_the_match,venue,umpire1,umpire2
1,2017,Hyderabad,4/5/2017,Sunrisers Hyderabad,Royal Challengers Bangalore,Royal Challengers Bangalore,field,normal,0,Sunrisers Hyderabad,35,0,Yuvraj Singh,"Rajiv Gandhi International Stadium, Uppal",AY Dandekar,NJ Llong
2,2017,Pune,4/6/2017,Mumbai Indians,Rising Pune Supergiants,Rising Pune Supergiants,field,normal,0,Rising Pune Supergiants,0,7,SPD Smith,Maharashtra Cricket Association Stadium,A Nand Kishore,S Ravi
3,2017,Rajkot,4/7/2017,Gujarat Lions,Kolkata Knight Riders,Kolkata Knight Riders,field,normal,0,Kolkata Knight Riders,0,10,CA Lynn,Saurashtra Cricket Association Stadium,Nitin Menon,CK Nandan
4,2017,Indore,4/8/2017,Rising Pune Supergiants,Kings XI Punjab,Kings XI Punjab,field,normal,0,Kings XI Punjab,0,6,GJ Maxwell,Holkar Cricket Stadium,AK Chaudhary,C Shamshuddin
5,2017,Bangalore,4/8/2017,Royal Challengers Bangalore,Delhi Daredevils,Royal Challengers Bangalore,bat,normal,0,Royal Challengers Bangalore,15,0,KM Jadhav,M Chinnaswamy Stadium,C Shamshuddin,A Nand Kishore
6,2017,Hyderabad,4/9/2017,Gujarat Lions,Sunrisers Hyderabad,Sunrisers Hyderabad,field,normal,0,Sunrisers Hyderabad,0,9,Rashid Khan,"Rajiv Gandhi International Stadium, Uppal",A Deshmukh,NJ Llong
7,2017,Mumbai,4/9/2017,Kolkata Knight Riders,Mumbai Indians,Mumbai Indians,field,normal,0,Mumbai Indians,0,4,N Rana,Wankhede Stadium,Nitin Menon,CK Nandan
8,2017,Indore,4/10/2017,Royal Challengers Bangalore,Kings XI Punjab,Royal Challengers Bangalore,bat,normal,0,Kings XI Punjab,0,8,AR Patel,Holkar Cricket Stadium,AK Chaudhary,C Shamshuddin
9,2017,Pune,4/11/2017,Delhi Daredevils,Rising Pune Supergiants,Rising Pune Supergiants,field,normal,0,Delhi Daredevils,97,0,SV Samson,Maharashtra Cricket Association Stadium,AY Dandekar,S Ravi
10,2017,Mumbai,4/12/2017,Sunrisers Hyderabad,Mumbai Indians,Mumbai Indians,field,normal,0,Mumbai Indians,0,4,JJ Bumrah,Wankhede Stadium,Nitin Menon,CK Nandan
11,2017,Kolkata,4/13/2017,Kings XI Punjab,Kolkata Knight Riders,Kolkata Knight Riders,field,normal,0,Kolkata Knight Riders,0,8,SP Narine,Eden Gardens,A Deshmukh,NJ Llong
12,2017,Bangalore,4/14/2017,Royal Challengers Bangalore,Mumbai Indians,Mumbai Indians,field,normal,0,Mumbai Indians,0,4,KA Pollard,M Chinnaswamy Stadium,KN Ananthapadmanabhan,AK Chaudhary
13,2017,Rajkot,4/14/2017,Rising Pune Supergiants,Gujarat Lions,Gujarat Lions,field,normal,0,Gujarat Lions,0,7,AJ Tye,Saurashtra Cricket Association Stadium,A Nand Kishore,S Ravi
14,2017,Kolkata,4/15/2017,Kolkata Knight Riders,Sunrisers Hyderabad,Sunrisers Hyderabad,field,normal,0,Kolkata Knight Riders,17,0,RV Uthappa,Eden Gardens,AY Dandekar,NJ Llong
15,2017,Delhi,4/15/2017,Delhi Daredevils,Kings XI Punjab,Delhi Daredevils,bat,normal,0,Delhi Daredevils,51,0,CJ Anderson,Feroz Shah Kotla,YC Barde,Nitin Menon
16,2017,Mumbai,4/16/2017,Gujarat Lions,Mumbai Indians,Mumbai Indians,field,normal,0,Mumbai Indians,0,6,N Rana,Wankhede Stadium,A Nand Kishore,S Ravi
17,2017,Bangalore,4/16/2017,Rising Pune Supergiants,Royal Challengers Bangalore,Royal Challengers Bangalore,field,normal,0,Rising Pune Supergiants,27,0,BA Stokes,M Chinnaswamy Stadium,KN Ananthapadmanabhan,C Shamshuddin
18,2017,Delhi,4/17/2017,Delhi Daredevils,Kolkata Knight Riders,Delhi Daredevils,bat,normal,0,Kolkata Knight Riders,0,4,NM Coulter-Nile,Feroz Shah Kotla,Nitin Menon,CK Nandan
19,2017,Hyderabad,4/17/2017,Sunrisers Hyderabad,Kings XI Punjab,Kings XI Punjab,field,normal,0,Sunrisers Hyderabad,5,0,B Kumar,"Rajiv Gandhi International Stadium, Uppal",AY Dandekar,A Deshmukh
20,2017,Rajkot,4/18/2017,Royal Challengers Bangalore,Gujarat Lions,Gujarat Lions,field,normal,0,Royal Challengers Bangalore,21,0,CH Gayle,Saurashtra Cricket Association Stadium,S Ravi,VK Sharma
