Code,Name,Continent,Region,SurfaceArea,IndepYear,Population,LifeExpectancy,GNP,GNPOld,LocalName,GovernmentForm,HeadOfState,Capital,Code2
'ABW',Aruba,North America,Caribbean,193.0,,103000,78.4,828.0,793.0,Aruba,Nonmetropolitan Territory of The Netherlands,Beatrix,129.0,AW
'AFG',Afghanistan,Asia,Southern and Central Asia,652090.0,1919.0,22720000,45.9,5976.0,,Afganistan/Afqanestan,Islamic Emirate,Mohammad Omar,1.0,AF
'AGO',Angola,Africa,Central Africa,1246700.0,1975.0,12878000,38.3,6648.0,7984.0,Angola,Republic,José Eduardo dos Santos,56.0,AO
'AIA',Anguilla,North America,Caribbean,96.0,,8000,76.1,63.2,,Anguilla,Dependent Territory of the UK,Elisabeth II,62.0,AI
'ALB',Albania,Europe,Southern Europe,28748.0,1912.0,3401200,71.6,3205.0,2500.0,Shqipëria,Republic,Rexhep Mejdani,34.0,AL
'AND',Andorra,Europe,Southern Europe,468.0,1278.0,78000,83.5,1630.0,,Andorra,Parliamentary Coprincipality,,55.0,AD
'ANT',Netherlands Antilles,North America,Caribbean,800.0,,217000,74.7,1941.0,,Nederlandse Antillen,Nonmetropolitan Territory of The Netherlands,Beatrix,33.0,AN
'ARE',United Arab Emirates,Asia,Middle East,83600.0,1971.0,2441000,74.1,37966.0,36846.0,Al-Imarat al-´Arabiya al-Muttahida,Emirate Federation,Zayid bin Sultan al-Nahayan,65.0,AE
'ARG',Argentina,South America,South America,2780400.0,1816.0,37032000,75.1,340238.0,323310.0,Argentina,Federal Republic,Fernando de la Rúa,69.0,AR
'ARM',Armenia,Asia,Middle East,29800.0,1991.0,3520000,66.4,1813.0,1627.0,Hajastan,Republic,Robert Kotšarjan,126.0,AM
'ASM',American Samoa,Oceania,Polynesia,199.0,,68000,75.1,334.0,,Amerika Samoa,US Territory,George W. Bush,54.0,AS
'ATA',Antarctica,Antarctica,Antarctica,13120000.0,,0,,0.0,,–,Co-administrated,,,AQ
'ATF',French Southern territories,Antarctica,Antarctica,7780.0,,0,,0.0,,Terres australes françaises,Nonmetropolitan Territory of France,Jacques Chirac,,TF
'ATG',Antigua and Barbuda,North America,Caribbean,442.0,1981.0,68000,70.5,612.0,584.0,Antigua and Barbuda,Constitutional Monarchy,Elisabeth II,63.0,AG
'AUS',Australia,Oceania,Australia and New Zealand,7741220.0,1901.0,18886000,79.8,351182.0,392911.0,Australia,"Constitutional Monarchy, Federation",Elisabeth II,135.0,AU
'AUT',Austria,Europe,Western Europe,83859.0,1918.0,8091800,77.7,211860.0,206025.0,Österreich,Federal Republic,Thomas Klestil,1523.0,AT
'AZE',Azerbaijan,Asia,Middle East,86600.0,1991.0,7734000,62.9,4127.0,4100.0,Azärbaycan,Federal Republic,Heydär Äliyev,144.0,AZ
'BDI',Burundi,Africa,Eastern Africa,27834.0,1962.0,6695000,46.2,903.0,982.0,Burundi/Uburundi,Republic,Pierre Buyoya,552.0,BI
'BEL',Belgium,Europe,Western Europe,30518.0,1830.0,10239000,77.8,249704.0,243948.0,België/Belgique,"Constitutional Monarchy, Federation",Albert II,179.0,BE
'BEN',Benin,Africa,Western Africa,112622.0,1960.0,6097000,50.2,2357.0,2141.0,Bénin,Republic,Mathieu Kérékou,187.0,BJ
