account_id,district_id,frequency,date
576,55,POPLATEK MESICNE,930101
3818,74,POPLATEK MESICNE,930101
704,55,POPLATEK MESICNE,930101
2378,16,POPLATEK MESICNE,930101
2632,24,POPLATEK MESICNE,930102
1972,77,POPLATEK MESICNE,930102
1539,1,POPLATEK PO OBRATU,930103
793,47,POPLATEK MESICNE,930103
2484,74,POPLATEK MESICNE,930103
1695,76,POPLATEK MESICNE,930103
1726,48,POPLATEK MESICNE,930103
2881,70,POPLATEK MESICNE,930104
2357,19,POPLATEK MESICNE,930104
2177,62,POPLATEK MESICNE,930104
485,6,POPLATEK PO OBRATU,930104
652,21,POPLATEK MESICNE,930105
9635,70,POPLATEK MESICNE,930105
1844,44,POPLATEK MESICNE,930106
1926,37,POPLATEK MESICNE,930106
2393,10,POPLATEK MESICNE,930107
