player_id,first_name,last_name,hand,birth_date,country_code
200001,Martina,Hingis,R,19800930.0,SUIr
200002,Mirjana,Lucic,R,19820309.0,CROr
200003,Justine,Henin,R,19820601.0,BELr
200004,Kerry Anne,Guse,R,19721204.0,AUSr
200005,Jolene,Watanabe Giltz,R,19680831.0,USAr
200006,Karina,Habsudova,R,19730802.0,SVKr
200007,Silvija,Talaja,R,19780114.0,CROr
200008,Alicia,Molik,R,19810127.0,AUSr
200009,Tamarine,Tanasugarn,R,19770524.0,THAr
200010,Rita,Grande,R,19750323.0,ITAr
200011,Katarina,Srebotnik,R,19810312.0,SLOr
200012,Jana,Nejedly,R,19740609.0,CANr
200013,Angelica,Gavaldon,R,19731003.0,MEXr
200014,Tzipi,Obziler,R,19730419.0,ISRr
200015,Petra,Mandula,R,19780117.0,HUNr
200016,Sandrine,Testud,R,19720403.0,FRAr
200017,Arantxa,Sanchez Vicario,R,19711218.0,ESPr
200018,Julia,Abe,R,19760521.0,GERr
200019,Alexandra,Fusai,R,19731122.0,FRAr
200020,Lisa,Raymond,R,19730810.0,USAr
