activity_period,operating_airline,operating_airline_IATA_code,published_airline,published_airline_IATA_code,geo_summary,geo_region,activity_type_code,price_category_code,terminal,boarding_area,passenger_count
200507,ATA Airlines,TZ,ATA Airlines,TZ,Domestic,US,Deplaned,Low Fare,Terminal 1,B,27271
200507,ATA Airlines,TZ,ATA Airlines,TZ,Domestic,US,Enplaned,Low Fare,Terminal 1,B,29131
200507,ATA Airlines,TZ,ATA Airlines,TZ,Domestic,US,Thru / Transit,Low Fare,Terminal 1,B,5415
200507,Air Canada,AC,Air Canada,AC,International,Canada,Deplaned,Other,Terminal 1,B,35156
200507,Air Canada,AC,Air Canada,AC,International,Canada,Enplaned,Other,Terminal 1,B,34090
200507,Air China,CA,Air China,CA,International,Asia,Deplaned,Other,International,G,6263
200507,Air China,CA,Air China,CA,International,Asia,Enplaned,Other,International,G,5500
200507,Air France,AF,Air France,AF,International,Europe,Deplaned,Other,International,A,12050
200507,Air France,AF,Air France,AF,International,Europe,Enplaned,Other,International,A,11638
200507,Air New Zealand,NZ,Air New Zealand,NZ,International,Australia / Oceania,Deplaned,Other,International,G,4998
200507,Air New Zealand,NZ,Air New Zealand,NZ,International,Australia / Oceania,Enplaned,Other,International,G,4962
200507,AirTran Airways,FL,AirTran Airways,FL,Domestic,US,Deplaned,Low Fare,International,A,8055
200507,AirTran Airways,FL,AirTran Airways,FL,Domestic,US,Enplaned,Low Fare,International,A,7984
200507,Alaska Airlines,AS,Alaska Airlines,AS,Domestic,US,Deplaned,Other,International,A,36641
200507,Alaska Airlines,AS,Alaska Airlines,AS,Domestic,US,Enplaned,Other,International,A,39379
200507,Alaska Airlines,AS,Alaska Airlines,AS,Domestic,US,Thru / Transit,Other,International,A,3678
200507,Alaska Airlines,AS,Alaska Airlines,AS,International,Canada,Deplaned,Other,International,A,7977
200507,Alaska Airlines,AS,Alaska Airlines,AS,International,Canada,Enplaned,Other,International,A,8837
200507,Alaska Airlines,AS,Alaska Airlines,AS,International,Mexico,Deplaned,Other,International,A,6969
200507,Alaska Airlines,AS,Alaska Airlines,AS,International,Mexico,Enplaned,Other,International,A,10046
