activity_period,operating_airline,operating_airline_IATA_code,published_airline,published_airline_IATA_code,geo_summary,geo_region,landing_aircraft_type,aircraft_body_type,aircraft_manufacturer,aircraft_model,aircraft_version,landing_count,total_landed_weight
200204,ATA Airlines,TZ,ATA Airlines,TZ,Domestic,US,Passenger,Narrow Body,Boeing,757,200,83,16434000
200204,ATA Airlines,TZ,ATA Airlines,TZ,Domestic,US,Passenger,Narrow Body,Boeing,757,300,3,672000
200204,ATA Airlines,TZ,ATA Airlines,TZ,Domestic,US,Passenger,Wide Body,Lockheed,L1011,0,27,9666000
200204,Aeroflot Russian International Airlines,,Aeroflot Russian International Airlines,,International,Europe,Passenger,Wide Body,Boeing,777,0,9,4139946
200204,Air Canada,AC,Air Canada,AC,International,Canada,Passenger,Narrow Body,Boeing,737,200,5,525000
200204,Air Canada,AC,Air Canada,AC,International,Canada,Passenger,Narrow Body,Boeing,737,,15,1605000
200204,Air Canada,AC,Air Canada,AC,International,Canada,Passenger,Wide Body,Boeing,767,200,1,272048
200204,Air Canada,AC,Air Canada,AC,International,Canada,Passenger,Wide Body,Boeing,767,333,2,639774
200204,Air Canada,AC,Air Canada,AC,International,Canada,Passenger,Narrow Body,Airbus,A319,114,83,11161923
200204,Air Canada,AC,Air Canada,AC,International,Canada,Passenger,Narrow Body,Airbus,A320,211,129,18343413
200204,Air China,CA,Air China,CA,International,Asia,Passenger,Wide Body,Boeing,747,400,21,13229853
200204,Air France,AF,Air France,AF,International,Europe,Passenger,Wide Body,Boeing,777,0,30,13796400
200204,Alaska Airlines,AS,Alaska Airlines,AS,Domestic,US,Passenger,Narrow Body,Boeing,737,400,314,37994000
200204,Alaska Airlines,AS,Alaska Airlines,AS,International,Canada,Passenger,Narrow Body,Boeing,737,400,59,7139000
200204,Alaska Airlines,AS,Alaska Airlines,AS,International,Mexico,Passenger,Narrow Body,Boeing,737,400,109,13189000
200204,Alaska Airlines,AS,Alaska Airlines,AS,Domestic,US,Passenger,Narrow Body,Boeing,737,700,58,7493600
200204,Alaska Airlines,AS,Alaska Airlines,AS,International,Canada,Passenger,Narrow Body,Boeing,737,700,30,3876000
200204,Alaska Airlines,AS,Alaska Airlines,AS,International,Mexico,Passenger,Narrow Body,Boeing,737,700,4,516800
200204,Alaska Airlines,AS,Alaska Airlines,AS,Domestic,US,Passenger,Narrow Body,Boeing,737,900,2,292600
200204,Alaska Airlines,AS,Alaska Airlines,AS,International,Mexico,Passenger,Narrow Body,Boeing,737,900,1,146300
