acorn_id,LCLid,Acorn,file
1,MAC005492,ACORN-X,block_0
2,MAC001074,ACORN-X,block_0
3,MAC000002,ACORN-A,block_0
4,MAC003613,ACORN-A,block_0
5,MAC003597,ACORN-A,block_0
6,MAC003579,ACORN-A,block_0
7,MAC003566,ACORN-A,block_0
8,MAC003557,ACORN-A,block_0
9,MAC003553,ACORN-A,block_0
10,MAC003482,ACORN-A,block_0
11,MAC003463,ACORN-A,block_0
12,MAC003449,ACORN-A,block_0
13,MAC003428,ACORN-A,block_0
14,MAC003423,ACORN-A,block_0
15,MAC003422,ACORN-A,block_0
16,MAC003400,ACORN-A,block_0
17,MAC003394,ACORN-A,block_0
18,MAC003388,ACORN-A,block_0
19,MAC003348,ACORN-A,block_0
20,MAC000246,ACORN-A,block_0
