holidays_id,Bank_holidays,Type
1,2012-12-26,Boxing Day
2,2012-12-25,Christmas Day
3,2012-08-27,Summer bank holiday
4,2012-05-06,Queen's Diamond Jubilee
5,2012-04-06,Spring bank holiday
6,2012-07-05,Early May bank holiday
7,2012-09-04,Easter Monday
8,2012-06-04,Good Friday
9,2012-02-01,New Year's Day
10,2013-12-26,Boxing Day
11,2013-12-25,Christmas Day
12,2013-08-26,Summer bank holiday
13,2013-05-27,Spring bank holiday
14,2013-06-05,Early May bank holiday
15,2013-01-04,Easter Monday
16,2013-03-29,Good Friday
17,2013-01-01,New Year's Day
18,2014-12-26,Boxing Day
19,2014-12-25,Christmas Day
20,2014-08-25,Summer bank holiday
