weather_id,Date,temperatureMax,windBearing,icon,dewPoint,cloudCover,windSpeed,pressure,apparentTemperatureHigh,precipType,visibility,humidity,apparentTemperatureLow,apparentTemperatureMax,uvIndex,temperatureLow,temperatureMin,temperatureHigh,summary,apparentTemperatureMin,moonPhase
1,2013-01-01,7.49,257,partly-cloudy-day,2.4,0.43,4.0,1016.89,2.34,rain,13.15,0.82,1.68,4.38,1,4.42,3.31,5.76,Partly cloudy throughout the day.,0.23,0.63
2,2013-01-02,10.82,242,partly-cloudy-night,5.41,0.61,3.72,1023.12,7.52,rain,11.35,0.91,7.07,10.82,1,9.65,3.31,9.86,Mostly cloudy throughout the day.,0.23,0.66
3,2013-01-03,11.41,255,partly-cloudy-day,9.12,0.66,4.36,1032.61,11.41,rain,11.89,0.91,7.08,11.41,1,9.55,9.65,11.41,Mostly cloudy throughout the day.,7.07,0.7
4,2013-01-04,10.79,266,partly-cloudy-day,7.31,0.83,4.28,1037.15,10.17,rain,12.34,0.85,5.7,10.79,1,8.07,8.17,10.17,Mostly cloudy throughout the day.,5.7,0.73
5,2013-01-05,10.66,251,partly-cloudy-day,7.82,0.72,3.15,1035.16,10.66,rain,9.58,0.92,5.08,10.66,1,6.91,7.84,10.66,Mostly cloudy until evening.,5.76,0.77
6,2013-01-06,8.61,232,fog,7.0,0.67,2.23,1032.19,6.98,rain,5.5,0.96,5.24,6.98,1,7.1,6.91,7.97,Foggy until afternoon.,5.08,0.8
7,2013-01-07,9.08,206,partly-cloudy-day,6.78,0.84,3.27,1026.88,6.36,rain,9.7,0.92,6.03,7.31,1,8.19,7.1,8.56,Mostly cloudy throughout the day.,5.24,0.84
8,2013-01-08,11.23,218,partly-cloudy-day,7.77,0.76,3.71,1024.17,11.23,rain,11.73,0.87,6.48,11.23,1,8.46,9.02,11.23,Mostly cloudy throughout the day.,6.9,0.88
9,2013-01-09,9.21,329,partly-cloudy-day,5.61,0.52,0.93,1021.19,7.33,rain,8.64,0.9,1.16,9.13,1,1.16,1.77,8.93,Partly cloudy until evening.,1.77,0.92
10,2013-01-10,3.43,307,partly-cloudy-day,1.46,0.7,1.55,1015.8,2.36,rain,5.21,0.94,-1.42,2.36,1,0.89,1.16,3.43,Mostly cloudy throughout the day.,-0.48,0.95
11,2013-01-11,5.7,281,partly-cloudy-day,1.68,0.52,0.4,1017.62,5.7,rain,5.7,0.93,-1.29,5.7,1,1.37,0.89,5.7,Mostly cloudy until evening.,-1.42,0.99
12,2013-01-12,4.53,90,partly-cloudy-day,0.79,0.57,4.76,1012.97,0.07,rain,10.03,0.83,-1.5,0.07,1,2.12,1.75,4.53,Mostly cloudy throughout the day.,-1.06,0.03
13,2013-01-13,3.48,23,partly-cloudy-day,-1.76,0.6,3.13,1018.81,-0.62,rain,12.46,0.74,-3.14,-0.09,1,-0.41,1.04,2.88,Partly cloudy throughout the day.,-2.16,0.07
14,2013-01-14,2.94,251,partly-cloudy-day,-0.61,0.59,2.08,1011.47,-0.93,rain,9.66,0.88,-3.16,0.94,1,1.23,-0.41,2.62,Mostly cloudy throughout the day.,-3.4,0.1
15,2013-01-15,2.38,327,partly-cloudy-day,-0.89,0.58,3.28,1008.99,0.89,rain,11.41,0.85,-4.53,0.89,1,-2.18,-0.83,2.29,Mostly cloudy until evening.,-3.16,0.14
16,2013-01-16,-0.06,27,fog,-2.6,0.48,0.93,1013.33,-0.15,snow,4.12,0.91,-3.86,-0.15,1,-3.86,-2.32,-0.06,Foggy in the morning.,-4.7,0.17
17,2013-01-17,2.88,111,partly-cloudy-day,-2.88,0.31,1.01,1017.44,2.88,rain,9.64,0.83,-7.28,2.88,1,-1.44,-3.86,2.88,Partly cloudy throughout the day.,-3.86,0.2
18,2013-01-18,1.33,112,fog,-2.88,0.67,5.2,1004.05,-6.09,snow,6.41,0.85,-6.13,-2.04,1,-0.81,-1.93,-0.81,Foggy until afternoon.,-7.8,0.23
19,2013-01-19,0.85,57,partly-cloudy-day,-1.83,0.84,4.16,997.28,-2.56,snow,7.53,0.86,-5.88,-2.56,1,-0.93,-0.65,0.85,Mostly cloudy throughout the day.,-5.37,0.26
20,2013-01-20,0.08,18,fog,-1.87,0.85,3.18,994.89,-3.07,snow,5.1,0.91,-3.32,-0.46,1,-0.86,-1.45,-0.21,Foggy until evening.,-5.88,0.3
