master_id,column_values,datatype
apr2019$$##$$city$$##$$id,"[1, 2, 3, 4, 5, 6, 7, 8, 9, 10, 11, 12, 13, 14, 15, 16, 17, 18, 19, 20]",integer
apr2019$$##$$city$$##$$name,"['Kabul', 'Qandahar', 'Herat', 'Mazar-e-Sharif', 'Amsterdam', 'Rotterdam', 'Haag', 'Utrecht', 'Eindhoven', 'Tilburg', 'Groningen', 'Breda', 'Apeldoorn', 'Nijmegen', 'Enschede', 'Haarlem', 'Almere', 'Arnhem', 'Zaanstad', '´s-Hertogenbosch']",open_ended_text
apr2019$$##$$city$$##$$countrycode,"['AFG', 'AFG', 'AFG', 'AFG', 'NLD', 'NLD', 'NLD', 'NLD', 'NLD', 'NLD', 'NLD', 'NLD', 'NLD', 'NLD', 'NLD', 'NLD', 'NLD', 'NLD', 'NLD', 'NLD']",close_ended_text
apr2019$$##$$city$$##$$district,"['Kabol', 'Qandahar', 'Herat', 'Balkh', 'Noord-Holland', 'Zuid-Holland', 'Zuid-Holland', 'Utrecht', 'Noord-Brabant', 'Noord-Brabant', 'Groningen', 'Noord-Brabant', 'Gelderland', 'Gelderland', 'Overijssel', 'Noord-Holland', 'Flevoland', 'Gelderland', 'Noord-Holland', 'Noord-Brabant']",close_ended_text
apr2019$$##$$city$$##$$population,"[1780000, 237500, 186800, 127800, 731200, 593321, 440900, 234323, 201843, 193238, 172701, 160398, 153491, 152463, 149544, 148772, 142465, 138020, 135621, 129170]",integer
apr2019$$##$$country$$##$$code,"[""'ABW'"", ""'AFG'"", ""'AGO'"", ""'AIA'"", ""'ALB'"", ""'AND'"", ""'ANT'"", ""'ARE'"", ""'ARG'"", ""'ARM'"", ""'ASM'"", ""'ATA'"", ""'ATF'"", ""'ATG'"", ""'AUS'"", ""'AUT'"", ""'AZE'"", ""'BDI'"", ""'BEL'"", ""'BEN'""]",open_ended_text
apr2019$$##$$country$$##$$name,"['Aruba', 'Afghanistan', 'Angola', 'Anguilla', 'Albania', 'Andorra', 'Netherlands Antilles', 'United Arab Emirates', 'Argentina', 'Armenia', 'American Samoa', 'Antarctica', 'French Southern territories', 'Antigua and Barbuda', 'Australia', 'Austria', 'Azerbaijan', 'Burundi', 'Belgium', 'Benin']",open_ended_text
apr2019$$##$$country$$##$$continent,"['North America', 'Asia', 'Africa', 'North America', 'Europe', 'Europe', 'North America', 'Asia', 'South America', 'Asia', 'Oceania', 'Antarctica', 'Antarctica', 'North America', 'Oceania', 'Europe', 'Asia', 'Africa', 'Europe', 'Africa']",close_ended_text
apr2019$$##$$country$$##$$region,"['Caribbean', 'Southern and Central Asia', 'Central Africa', 'Caribbean', 'Southern Europe', 'Southern Europe', 'Caribbean', 'Middle East', 'South America', 'Middle East', 'Polynesia', 'Antarctica', 'Antarctica', 'Caribbean', 'Australia and New Zealand', 'Western Europe', 'Middle East', 'Eastern Africa', 'Western Europe', 'Western Africa']",close_ended_text
apr2019$$##$$country$$##$$surfacearea,"[193.0, 652090.0, 1246700.0, 96.0, 28748.0, 468.0, 800.0, 83600.0, 2780400.0, 29800.0, 199.0, 13120000.0, 7780.0, 442.0, 7741220.0, 83859.0, 86600.0, 27834.0, 30518.0, 112622.0]",float
apr2019$$##$$country$$##$$indepyear,"[1919.0, 1919.0, 1975.0, 1912.0, 1912.0, 1278.0, 1971.0, 1971.0, 1816.0, 1991.0, 1981.0, 1981.0, 1981.0, 1981.0, 1901.0, 1918.0, 1991.0, 1962.0, 1830.0, 1960.0]",integer
apr2019$$##$$country$$##$$population,"[103000, 22720000, 12878000, 8000, 3401200, 78000, 217000, 2441000, 37032000, 3520000, 68000, 0, 0, 68000, 18886000, 8091800, 7734000, 6695000, 10239000, 6097000]",integer
apr2019$$##$$country$$##$$lifeexpectancy,"[78.4, 45.9, 38.3, 76.1, 71.6, 83.5, 74.7, 74.1, 75.1, 66.4, 75.1, 70.5, 70.5, 70.5, 79.8, 77.7, 62.9, 46.2, 77.8, 50.2]",float
apr2019$$##$$country$$##$$gnp,"[828.0, 5976.0, 6648.0, 63.2, 3205.0, 1630.0, 1941.0, 37966.0, 340238.0, 1813.0, 334.0, 0.0, 0.0, 612.0, 351182.0, 211860.0, 4127.0, 903.0, 249704.0, 2357.0]",float
apr2019$$##$$country$$##$$gnpold,"[793.0, 7984.0, 7984.0, 2500.0, 2500.0, 36846.0, 36846.0, 36846.0, 323310.0, 1627.0, 584.0, 584.0, 584.0, 584.0, 392911.0, 206025.0, 4100.0, 982.0, 243948.0, 2141.0]",integer
apr2019$$##$$country$$##$$localname,"['Aruba', 'Afganistan/Afqanestan', 'Angola', 'Anguilla', 'Shqipëria', 'Andorra', 'Nederlandse Antillen', 'Al-Imarat al-´Arabiya al-Muttahida', 'Argentina', 'Hajastan', 'Amerika Samoa', '–', 'Terres australes françaises', 'Antigua and Barbuda', 'Australia', 'Österreich', 'Azärbaycan', 'Burundi/Uburundi', 'België/Belgique', 'Bénin']",open_ended_text
apr2019$$##$$country$$##$$governmentform,"['Nonmetropolitan Territory of The Netherlands', 'Islamic Emirate', 'Republic', 'Dependent Territory of the UK', 'Republic', 'Parliamentary Coprincipality', 'Nonmetropolitan Territory of The Netherlands', 'Emirate Federation', 'Federal Republic', 'Republic', 'US Territory', 'Co-administrated', 'Nonmetropolitan Territory of France', 'Constitutional Monarchy', 'Constitutional Monarchy, Federation', 'Federal Republic', 'Federal Republic', 'Republic', 'Constitutional Monarchy, Federation', 'Republic']",close_ended_text
apr2019$$##$$country$$##$$headofstate,"['Beatrix', 'Mohammad Omar', 'José Eduardo dos Santos', 'Elisabeth II', 'Rexhep Mejdani', 'Beatrix', 'Beatrix', 'Zayid bin Sultan al-Nahayan', 'Fernando de la Rúa', 'Robert Kotšarjan', 'George W. Bush', 'Jacques Chirac', 'Jacques Chirac', 'Elisabeth II', 'Elisabeth II', 'Thomas Klestil', 'Heydär Äliyev', 'Pierre Buyoya', 'Albert II', 'Mathieu Kérékou']",open_ended_text
apr2019$$##$$country$$##$$capital,"[129.0, 1.0, 56.0, 62.0, 34.0, 55.0, 33.0, 65.0, 69.0, 126.0, 54.0, 63.0, 63.0, 63.0, 135.0, 1523.0, 144.0, 552.0, 179.0, 187.0]",integer
apr2019$$##$$country$$##$$code2,"['AW', 'AF', 'AO', 'AI', 'AL', 'AD', 'AN', 'AE', 'AR', 'AM', 'AS', 'AQ', 'TF', 'AG', 'AU', 'AT', 'AZ', 'BI', 'BE', 'BJ']",open_ended_text
apr2019$$##$$countrylanguage$$##$$countrycode,"[""'ABW'"", ""'ABW'"", ""'ABW'"", ""'ABW'"", ""'AFG'"", ""'AFG'"", ""'AFG'"", ""'AFG'"", ""'AFG'"", ""'AGO'"", ""'AGO'"", ""'AGO'"", ""'AGO'"", ""'AGO'"", ""'AGO'"", ""'AGO'"", ""'AGO'"", ""'AGO'"", ""'AIA'"", ""'ALB'""]",close_ended_text
apr2019$$##$$countrylanguage$$##$$language,"['Dutch', 'English', 'Papiamento', 'Spanish', 'Balochi', 'Dari', 'Pashto', 'Turkmenian', 'Uzbek', 'Ambo', 'Chokwe', 'Kongo', 'Luchazi', 'Luimbe-nganguela', 'Luvale', 'Mbundu', 'Nyaneka-nkhumbi', 'Ovimbundu', 'English', 'Albaniana']",close_ended_text
apr2019$$##$$countrylanguage$$##$$isofficial,"['T', 'F', 'F', 'F', 'F', 'T', 'T', 'F', 'F', 'F', 'F', 'F', 'F', 'F', 'F', 'F', 'F', 'F', 'T', 'T']",close_ended_text
apr2019$$##$$countrylanguage$$##$$percentage,"[5.3, 9.5, 76.7, 7.4, 0.9, 32.1, 52.4, 1.9, 8.8, 2.4, 4.2, 13.2, 2.4, 5.4, 3.6, 21.6, 5.4, 37.2, 0.0, 97.9]",float
aug2019$$##$$wta_matches_2018$$##$$tourney_id,"[""'2018-1049'"", ""'2018-1049'"", ""'2018-1049'"", ""'2018-1049'"", ""'2018-1049'"", ""'2018-1049'"", ""'2018-1049'"", ""'2018-1049'"", ""'2018-1049'"", ""'2018-1049'"", ""'2018-1049'"", ""'2018-1049'"", ""'2018-1049'"", ""'2018-1049'"", ""'2018-1049'"", ""'2018-1049'"", ""'2018-1049'"", ""'2018-1049'"", ""'2018-1049'"", ""'2018-1049'""]",alphanumeric
aug2019$$##$$wta_matches_2018$$##$$tourney_name,"['Auckland', 'Auckland', 'Auckland', 'Auckland', 'Auckland', 'Auckland', 'Auckland', 'Auckland', 'Auckland', 'Auckland', 'Auckland', 'Auckland', 'Auckland', 'Auckland', 'Auckland', 'Auckland', 'Auckland', 'Auckland', 'Auckland', 'Auckland']",close_ended_text
aug2019$$##$$wta_matches_2018$$##$$surface,"['Hard', 'Hard', 'Hard', 'Hard', 'Hard', 'Hard', 'Hard', 'Hard', 'Hard', 'Hard', 'Hard', 'Hard', 'Hard', 'Hard', 'Hard', 'Hard', 'Hard', 'Hard', 'Hard', 'Hard']",close_ended_text
aug2019$$##$$wta_matches_2018$$##$$draw_size,"[32, 32, 32, 32, 32, 32, 32, 32, 32, 32, 32, 32, 32, 32, 32, 32, 32, 32, 32, 32]",integer
aug2019$$##$$wta_matches_2018$$##$$tourney_level,"['I', 'I', 'I', 'I', 'I', 'I', 'I', 'I', 'I', 'I', 'I', 'I', 'I', 'I', 'I', 'I', 'I', 'I', 'I', 'I']",close_ended_text
aug2019$$##$$wta_matches_2018$$##$$tourney_date,"[20180101, 20180101, 20180101, 20180101, 20180101, 20180101, 20180101, 20180101, 20180101, 20180101, 20180101, 20180101, 20180101, 20180101, 20180101, 20180101, 20180101, 20180101, 20180101, 20180101]",integer
aug2019$$##$$wta_matches_2018$$##$$match_num,"[300, 299, 298, 297, 296, 295, 294, 293, 292, 291, 290, 289, 288, 287, 286, 285, 284, 283, 282, 281]",integer
aug2019$$##$$wta_matches_2018$$##$$winner_id,"[201504, 201496, 201504, 201496, 203500, 201444, 201504, 201496, 213550, 201474, 203500, 201444, 201366, 201555, 201504, 201496, 201549, 213550, 201478, 201474]",integer
aug2019$$##$$wta_matches_2018$$##$$winner_seed,"[2.0, 1.0, 2.0, 1.0, 2.0, 2.0, 2.0, 1.0, 4.0, 4.0, 3.0, 3.0, 3.0, 2.0, 2.0, 1.0, 4.0, 4.0, 4.0, 4.0]",integer
aug2019$$##$$wta_matches_2018$$##$$winner_name,"['Julia Goerges', 'Caroline Wozniacki', 'Julia Goerges', 'Caroline Wozniacki', 'Sachia Vickery', 'Su Wei Hsieh', 'Julia Goerges', 'Caroline Wozniacki', 'Sofia Kenin', 'Agnieszka Radwanska', 'Sachia Vickery', 'Su Wei Hsieh', 'Barbora Zahlavova Strycova', 'Polona Hercog', 'Julia Goerges', 'Caroline Wozniacki', 'Petra Martic', 'Sofia Kenin', 'Varvara Lepchenko', 'Agnieszka Radwanska']",close_ended_text
aug2019$$##$$wta_matches_2018$$##$$winner_hand,"['R', 'R', 'R', 'R', 'R', 'R', 'R', 'R', 'U', 'R', 'R', 'R', 'R', 'R', 'R', 'R', 'R', 'U', 'L', 'R']",close_ended_text
aug2019$$##$$wta_matches_2018$$##$$winner_ht,"[180.0, 177.0, 180.0, 177.0, 169.0, 169.0, 180.0, 177.0, 170.0, 170.0, 169.0, 169.0, 164.0, 182.0, 180.0, 177.0, 181.0, 180.0, 180.0, 170.0]",integer
aug2019$$##$$wta_matches_2018$$##$$winner_ioc,"['GER', 'DEN', 'GER', 'DEN', 'USA', 'TPE', 'GER', 'DEN', 'USA', 'POL', 'USA', 'TPE', 'CZE', 'SLO', 'GER', 'DEN', 'CRO', 'USA', 'USA', 'POL']",close_ended_text
aug2019$$##$$wta_matches_2018$$##$$winner_age,"[29.16358658, 27.4770705, 29.16358658, 27.4770705, 22.64476386, 31.99178645, 29.16358658, 27.4770705, 19.1321013, 28.82409309, 22.64476386, 31.99178645, 31.76454483, 26.9486653, 29.16358658, 27.4770705, 26.95140315, 19.1321013, 31.61670089, 28.82409309]",float
aug2019$$##$$wta_matches_2018$$##$$winner_rank,"[14.0, 3.0, 14.0, 3.0, 122.0, 103.0, 14.0, 3.0, 108.0, 28.0, 122.0, 103.0, 23.0, 100.0, 14.0, 3.0, 90.0, 108.0, 63.0, 28.0]",integer
aug2019$$##$$wta_matches_2018$$##$$winner_rank_points,"[2655.0, 6015.0, 2655.0, 6015.0, 510.0, 625.0, 2655.0, 6015.0, 591.0, 1715.0, 510.0, 625.0, 2025.0, 653.0, 2655.0, 6015.0, 732.0, 591.0, 960.0, 1715.0]",integer
aug2019$$##$$wta_matches_2018$$##$$loser_id,"[201496, 203500, 201444, 213550, 201474, 201366, 201555, 201549, 201478, 203501, 202705, 204434, 201596, 201465, 214149, 201483, 214954, 213544, 201621, 206242]",integer
aug2019$$##$$wta_matches_2018$$##$$loser_name,"['Caroline Wozniacki', 'Sachia Vickery', 'Su Wei Hsieh', 'Sofia Kenin', 'Agnieszka Radwanska', 'Barbora Zahlavova Strycova', 'Polona Hercog', 'Petra Martic', 'Varvara Lepchenko', 'Taylor Townsend', 'Veronica Cepede Royg', 'Ysaline Bonaventure', 'Johanna Larsson', 'Kirsten Flipkens', 'Viktoria Kuzmova', 'Madison Brengle', 'Marketa Vondrousova', 'Jana Fett', 'Mona Barthel', 'Beatriz Haddad Maia']",close_ended_text
aug2019$$##$$wta_matches_2018$$##$$loser_hand,"['R', 'R', 'R', 'U', 'R', 'R', 'R', 'R', 'L', 'L', 'R', 'L', 'R', 'R', 'R', 'R', 'L', 'R', 'R', 'L']",close_ended_text
aug2019$$##$$wta_matches_2018$$##$$loser_ioc,"['DEN', 'USA', 'TPE', 'USA', 'POL', 'CZE', 'SLO', 'CRO', 'USA', 'USA', 'PAR', 'BEL', 'SWE', 'BEL', 'SVK', 'USA', 'CZE', 'CRO', 'GER', 'BRA']",close_ended_text
aug2019$$##$$wta_matches_2018$$##$$loser_age,"[27.4770705, 22.64476386, 31.99178645, 19.1321013, 28.82409309, 31.76454483, 26.9486653, 26.95140315, 31.61670089, 21.71115674, 25.94661191, 23.34291581, 29.3744011, 31.97535934, 19.6440794, 27.74811773, 18.51334702, 21.16358658, 27.4770705, 21.59069131]",float
aug2019$$##$$wta_matches_2018$$##$$loser_rank,"[3.0, 122.0, 103.0, 108.0, 28.0, 23.0, 100.0, 90.0, 63.0, 95.0, 78.0, 183.0, 82.0, 76.0, 138.0, 85.0, 67.0, 102.0, 52.0, 71.0]",integer
aug2019$$##$$wta_matches_2018$$##$$loser_rank_points,"[6015.0, 510.0, 625.0, 591.0, 1715.0, 2025.0, 653.0, 732.0, 960.0, 700.0, 787.0, 312.0, 761.0, 808.0, 435.0, 753.0, 936.0, 635.0, 1068.0, 865.0]",integer
aug2019$$##$$wta_matches_2018$$##$$score,"['6-4 7-6(4)', '6-4 6-4', '6-1 6-4', '4-6 6-2 6-4', '6-2 6-2', '0-6 6-2 6-2', '6-4 6-4', '6-2 6-2', '6-4 7-6(6)', '6-3 7-5', '6-2 6-4', '6-4 6-3', '6-1 6-7(3) 6-2', '6-4 6-2', '6-4 6-0', '6-3 6-0', '7-6(2) 6-3', '6-4 6-4', '6-2 6-2', '6-2 4-6 6-2']",alphanumeric
aug2019$$##$$wta_matches_2018$$##$$best_of,"[3, 3, 3, 3, 3, 3, 3, 3, 3, 3, 3, 3, 3, 3, 3, 3, 3, 3, 3, 3]",integer
aug2019$$##$$wta_matches_2018$$##$$round,"['F', 'SF', 'SF', 'QF', 'QF', 'QF', 'QF', 'R16', 'R16', 'R16', 'R16', 'R16', 'R16', 'R16', 'R16', 'R32', 'R32', 'R32', 'R32', 'R32']",alphanumeric
aug2019$$##$$wta_matches_2018$$##$$minutes,"[90.0, 83.0, 74.0, 147.0, 68.0, 115.0, 93.0, 53.0, 122.0, 97.0, 79.0, 69.0, 143.0, 73.0, 65.0, 58.0, 85.0, 86.0, 71.0, 113.0]",integer
aug2019$$##$$wta_matches_2018$$##$$w_ace,"[11.0, 4.0, 9.0, 8.0, 2.0, 0.0, 4.0, 6.0, 1.0, 1.0, 1.0, 0.0, 2.0, 5.0, 9.0, 4.0, 5.0, 0.0, 2.0, 4.0]",integer
aug2019$$##$$wta_matches_2018$$##$$w_df,"[5.0, 2.0, 3.0, 6.0, 0.0, 3.0, 3.0, 0.0, 6.0, 0.0, 1.0, 4.0, 2.0, 5.0, 4.0, 2.0, 2.0, 0.0, 1.0, 0.0]",integer
aug2019$$##$$wta_matches_2018$$##$$w_svpt,"[67.0, 67.0, 58.0, 78.0, 50.0, 69.0, 60.0, 38.0, 78.0, 67.0, 56.0, 65.0, 91.0, 53.0, 42.0, 49.0, 64.0, 55.0, 53.0, 76.0]",integer
aug2019$$##$$wta_matches_2018$$##$$w_1stin,"[42.0, 43.0, 39.0, 45.0, 35.0, 48.0, 38.0, 27.0, 56.0, 43.0, 45.0, 44.0, 55.0, 30.0, 23.0, 28.0, 43.0, 41.0, 35.0, 54.0]",integer
aug2019$$##$$wta_matches_2018$$##$$w_1stwon,"[32.0, 30.0, 29.0, 33.0, 22.0, 28.0, 32.0, 24.0, 34.0, 29.0, 29.0, 29.0, 43.0, 24.0, 21.0, 24.0, 32.0, 33.0, 24.0, 37.0]",integer
aug2019$$##$$wta_matches_2018$$##$$w_2ndwon,"[16.0, 12.0, 7.0, 18.0, 8.0, 11.0, 12.0, 5.0, 12.0, 12.0, 8.0, 11.0, 15.0, 16.0, 11.0, 12.0, 13.0, 8.0, 14.0, 10.0]",integer
aug2019$$##$$wta_matches_2018$$##$$w_svgms,"[11.0, 10.0, 9.0, 14.0, 8.0, 11.0, 10.0, 8.0, 11.0, 11.0, 9.0, 10.0, 13.0, 9.0, 8.0, 8.0, 11.0, 10.0, 8.0, 13.0]",integer
aug2019$$##$$wta_matches_2018$$##$$w_bpsaved,"[2.0, 4.0, 3.0, 1.0, 3.0, 7.0, 1.0, 0.0, 5.0, 2.0, 5.0, 5.0, 2.0, 2.0, 0.0, 4.0, 1.0, 3.0, 5.0, 4.0]",integer
aug2019$$##$$wta_matches_2018$$##$$w_bpfaced,"[3.0, 6.0, 5.0, 4.0, 5.0, 11.0, 1.0, 1.0, 8.0, 5.0, 6.0, 8.0, 3.0, 2.0, 0.0, 4.0, 2.0, 4.0, 5.0, 7.0]",integer
aug2019$$##$$wta_matches_2018$$##$$l_ace,"[8.0, 1.0, 0.0, 4.0, 0.0, 5.0, 3.0, 2.0, 2.0, 5.0, 1.0, 1.0, 0.0, 2.0, 4.0, 0.0, 2.0, 6.0, 1.0, 2.0]",integer
aug2019$$##$$wta_matches_2018$$##$$l_df,"[4.0, 1.0, 2.0, 4.0, 1.0, 4.0, 2.0, 2.0, 1.0, 3.0, 1.0, 6.0, 5.0, 2.0, 6.0, 0.0, 2.0, 4.0, 4.0, 4.0]",integer
aug2019$$##$$wta_matches_2018$$##$$l_svpt,"[69.0, 53.0, 61.0, 106.0, 51.0, 82.0, 68.0, 41.0, 87.0, 69.0, 55.0, 53.0, 88.0, 56.0, 56.0, 35.0, 68.0, 56.0, 58.0, 74.0]",integer
aug2019$$##$$wta_matches_2018$$##$$l_1stin,"[48.0, 32.0, 30.0, 69.0, 30.0, 53.0, 47.0, 28.0, 67.0, 47.0, 35.0, 36.0, 54.0, 36.0, 33.0, 22.0, 39.0, 26.0, 34.0, 44.0]",integer
aug2019$$##$$wta_matches_2018$$##$$l_1stwon,"[35.0, 18.0, 14.0, 45.0, 11.0, 28.0, 29.0, 15.0, 37.0, 27.0, 21.0, 19.0, 34.0, 20.0, 19.0, 7.0, 25.0, 20.0, 18.0, 26.0]",integer
aug2019$$##$$wta_matches_2018$$##$$l_2ndwon,"[8.0, 11.0, 15.0, 15.0, 9.0, 13.0, 11.0, 2.0, 11.0, 7.0, 8.0, 5.0, 14.0, 11.0, 9.0, 8.0, 16.0, 14.0, 12.0, 13.0]",integer
aug2019$$##$$wta_matches_2018$$##$$l_svgms,"[11.0, 10.0, 8.0, 14.0, 8.0, 11.0, 10.0, 8.0, 11.0, 10.0, 9.0, 9.0, 14.0, 9.0, 8.0, 7.0, 10.0, 10.0, 8.0, 13.0]",integer
aug2019$$##$$wta_matches_2018$$##$$l_bpsaved,"[2.0, 2.0, 8.0, 9.0, 6.0, 5.0, 2.0, 4.0, 9.0, 10.0, 1.0, 2.0, 6.0, 3.0, 2.0, 1.0, 6.0, 3.0, 4.0, 3.0]",integer
aug2019$$##$$wta_matches_2018$$##$$l_bpfaced,"[4.0, 6.0, 13.0, 14.0, 12.0, 10.0, 4.0, 9.0, 13.0, 15.0, 5.0, 7.0, 12.0, 6.0, 6.0, 5.0, 8.0, 6.0, 8.0, 9.0]",integer
aug2019$$##$$wta_players$$##$$player_id,"[200001, 200002, 200003, 200004, 200005, 200006, 200007, 200008, 200009, 200010, 200011, 200012, 200013, 200014, 200015, 200016, 200017, 200018, 200019, 200020]",integer
aug2019$$##$$wta_players$$##$$first_name,"['Martina', 'Mirjana', 'Justine', 'Kerry Anne', 'Jolene', 'Karina', 'Silvija', 'Alicia', 'Tamarine', 'Rita', 'Katarina', 'Jana', 'Angelica', 'Tzipi', 'Petra', 'Sandrine', 'Arantxa', 'Julia', 'Alexandra', 'Lisa']",close_ended_text
aug2019$$##$$wta_players$$##$$last_name,"['Hingis', 'Lucic', 'Henin', 'Guse', 'Watanabe Giltz', 'Habsudova', 'Talaja', 'Molik', 'Tanasugarn', 'Grande', 'Srebotnik', 'Nejedly', 'Gavaldon', 'Obziler', 'Mandula', 'Testud', 'Sanchez Vicario', 'Abe', 'Fusai', 'Raymond']",open_ended_text
aug2019$$##$$wta_players$$##$$hand,"['R', 'R', 'R', 'R', 'R', 'R', 'R', 'R', 'R', 'R', 'R', 'R', 'R', 'R', 'R', 'R', 'R', 'R', 'R', 'R']",close_ended_text
aug2019$$##$$wta_players$$##$$birth_date,"[19800930.0, 19820309.0, 19820601.0, 19721204.0, 19680831.0, 19730802.0, 19780114.0, 19810127.0, 19770524.0, 19750323.0, 19810312.0, 19740609.0, 19731003.0, 19730419.0, 19780117.0, 19720403.0, 19711218.0, 19760521.0, 19731122.0, 19730810.0]",integer
aug2019$$##$$wta_players$$##$$country_code,"['SUIr', 'CROr', 'BELr', 'AUSr', 'USAr', 'SVKr', 'CROr', 'AUSr', 'THAr', 'ITAr', 'SLOr', 'CANr', 'MEXr', 'ISRr', 'HUNr', 'FRAr', 'ESPr', 'GERr', 'FRAr', 'USAr']",close_ended_text
aug2019$$##$$wta_rankings$$##$$ranking_date,"[""'20180101'"", ""'20180101'"", ""'20180101'"", ""'20180101'"", ""'20180101'"", ""'20180101'"", ""'20180101'"", ""'20180101'"", ""'20180101'"", ""'20180101'"", ""'20180101'"", ""'20180101'"", ""'20180101'"", ""'20180101'"", ""'20180101'"", ""'20180101'"", ""'20180101'"", ""'20180101'"", ""'20180101'"", ""'20180101'""]",integer
aug2019$$##$$wta_rankings$$##$$ranking,"[2, 3, 4, 5, 6, 7, 8, 9, 10, 11, 12, 13, 14, 15, 16, 17, 18, 19, 20, 21]",integer
aug2019$$##$$wta_rankings$$##$$player_id,"[202469, 201496, 201662, 200748, 202494, 211533, 201614, 202427, 201535, 201540, 201320, 201585, 201504, 201499, 201545, 202458, 201455, 201619, 201517, 201493]",integer
aug2019$$##$$wta_rankings$$##$$ranking_points,"[6135, 6015, 5730, 5597, 5500, 5010, 4385, 3610, 3258, 2935, 2856, 2802, 2655, 2485, 2475, 2236, 2220, 2213, 2141, 2121]",integer
aug2019$$##$$wta_rankings$$##$$tours,"[21, 23, 20, 16, 19, 21, 23, 20, 18, 26, 17, 11, 24, 26, 25, 17, 25, 15, 20, 22]",integer
aug2020$$##$$customers$$##$$customernumber,"[103, 112, 114, 119, 121, 124, 125, 128, 129, 131, 141, 144, 145, 146, 148, 151, 157, 161, 166, 167]",integer
aug2020$$##$$customers$$##$$customername,"['Atelier graphique', 'Signal Gift Stores', 'Australian Collectors, Co.', 'La Rochelle Gifts', 'Baane Mini Imports', 'Mini Gifts Distributors Ltd.', 'Havel & Zbyszek Co', 'Blauer See Auto, Co.', 'Mini Wheels Co.', 'Land of Toys Inc.', 'Euro+ Shopping Channel', 'Volvo Model Replicas, Co', 'Danish Wholesale Imports', 'Saveley & Henriot, Co.', 'Dragon Souveniers, Ltd.', 'Muscle Machine Inc', 'Diecast Classics Inc.', 'Technics Stores Inc.', 'Handji Gifts& Co', 'Herkku Gifts']",open_ended_text
aug2020$$##$$customers$$##$$contactlastname,"['Schmitt', 'King', 'Ferguson', 'Labrune', 'Bergulfsen', 'Nelson', 'Piestrzeniewicz', 'Keitel', 'Murphy', 'Lee', 'Freyre', 'Berglund', 'Petersen', 'Saveley', 'Natividad', 'Young', 'Leong', 'Hashimoto', 'Victorino', 'Oeztan']",open_ended_text
aug2020$$##$$customers$$##$$contactfirstname,"['Carine ', 'Jean', 'Peter', 'Janine ', 'Jonas ', 'Susan', 'Zbyszek ', 'Roland', 'Julie', 'Kwai', 'Diego ', 'Christina ', 'Jytte ', 'Mary ', 'Eric', 'Jeff', 'Kelvin', 'Juri', 'Wendy', 'Veysel']",open_ended_text
aug2020$$##$$customers$$##$$phone,"['40.32.2555', '7025551838', '03 9520 4555', '40.67.8555', '07-98 9555', '4155551450', '(26) 642-7555', '+49 69 66 90 2555', '6505555787', '2125557818', '(91) 555 94 44', '0921-12 3555', '31 12 3555', '78.32.5555', '+65 221 7555', '2125557413', '2155551555', '6505556809', '+65 224 1555', '+47 2267 3215']",alphanumeric
aug2020$$##$$customers$$##$$addressline1,"['54, rue Royale', '8489 Strong St.', '636 St Kilda Road', '67, rue des Cinquante Otages', 'Erling Skakkes gate 78', '5677 Strong St.', 'ul. Filtrowa 68', 'Lyonerstr. 34', '5557 North Pendale Street', '897 Long Airport Avenue', 'C/ Moralzarzal, 86', 'Berguvsvägen  8', 'Vinbæltet 34', '2, rue du Commerce', 'Bronz Sok.', '4092 Furth Circle', '7586 Pompton St.', '9408 Furth Circle', '106 Linden Road Sandown', 'Brehmen St. 121']",open_ended_text
aug2020$$##$$customers$$##$$addressline2,"['Level 3', 'Level 3', 'Level 3', 'Bronz Apt. 3/6 Tesvikiye', 'Bronz Apt. 3/6 Tesvikiye', 'Bronz Apt. 3/6 Tesvikiye', 'Bronz Apt. 3/6 Tesvikiye', 'Bronz Apt. 3/6 Tesvikiye', 'Bronz Apt. 3/6 Tesvikiye', 'Bronz Apt. 3/6 Tesvikiye', 'Bronz Apt. 3/6 Tesvikiye', 'Bronz Apt. 3/6 Tesvikiye', 'Bronz Apt. 3/6 Tesvikiye', 'Bronz Apt. 3/6 Tesvikiye', 'Bronz Apt. 3/6 Tesvikiye', 'Suite 400', '2nd Floor', '2nd Floor', '2nd Floor', 'PR 334 Sentrum']",open_ended_text
aug2020$$##$$customers$$##$$city,"['Nantes', 'Las Vegas', 'Melbourne', 'Nantes', 'Stavern', 'San Rafael', 'Warszawa', 'Frankfurt', 'San Francisco', 'NYC', 'Madrid', 'Luleå', 'Kobenhavn', 'Lyon', 'Singapore', 'NYC', 'Allentown', 'Burlingame', 'Singapore', 'Bergen']",open_ended_text
aug2020$$##$$customers$$##$$postalcode,"['44000', '83030', '3004', '44000', '4110', '97562', '01-012', '60528', '94217', '10022', '28034', 'S-958 22', '1734', '69004', '079903', '10022', '70267', '94217', '069045', 'N 5804']",alphanumeric
aug2020$$##$$customers$$##$$country,"['France', 'USA', 'Australia', 'France', 'Norway', 'USA', 'Poland', 'Germany', 'USA', 'USA', 'Spain', 'Sweden', 'Denmark', 'France', 'Singapore', 'USA', 'USA', 'USA', 'Singapore', 'Norway  ']",close_ended_text
aug2020$$##$$customers$$##$$salesrepemployeenumber,"[1370.0, 1166.0, 1611.0, 1370.0, 1504.0, 1165.0, 1504.0, 1504.0, 1165.0, 1323.0, 1370.0, 1504.0, 1401.0, 1337.0, 1621.0, 1286.0, 1216.0, 1165.0, 1612.0, 1504.0]",integer
aug2020$$##$$customers$$##$$creditlimit,"[21000.0, 71800.0, 117300.0, 118200.0, 81700.0, 210500.0, 0.0, 59700.0, 64600.0, 114900.0, 227600.0, 53100.0, 83400.0, 123900.0, 103800.0, 138500.0, 100600.0, 84600.0, 97900.0, 96800.0]",integer
aug2020$$##$$orderdetails$$##$$ordernumber,"[10100, 10100, 10100, 10100, 10101, 10101, 10101, 10101, 10102, 10102, 10103, 10103, 10103, 10103, 10103, 10103, 10103, 10103, 10103, 10103]",integer
aug2020$$##$$orderdetails$$##$$productcode,"['S18_1749', 'S18_2248', 'S18_4409', 'S24_3969', 'S18_2325', 'S18_2795', 'S24_1937', 'S24_2022', 'S18_1342', 'S18_1367', 'S10_1949', 'S10_4962', 'S12_1666', 'S18_1097', 'S18_2432', 'S18_2949', 'S18_2957', 'S18_3136', 'S18_3320', 'S18_4600']",alphanumeric
aug2020$$##$$orderdetails$$##$$quantityordered,"[30, 50, 22, 49, 25, 26, 45, 46, 39, 41, 26, 42, 27, 35, 22, 27, 35, 25, 46, 36]",integer
aug2020$$##$$orderdetails$$##$$priceeach,"[136.0, 55.09, 75.46, 35.29, 108.06, 167.06, 32.53, 44.35, 95.55, 43.13, 214.3, 119.67, 121.64, 94.5, 58.34, 92.19, 61.84, 86.92, 86.31, 98.07]",float
aug2020$$##$$orderdetails$$##$$orderlinenumber,"[3, 2, 4, 1, 4, 1, 3, 2, 2, 1, 11, 4, 8, 10, 2, 12, 14, 13, 16, 5]",integer
aug2020$$##$$orders$$##$$ordernumber,"[10100, 10101, 10102, 10103, 10104, 10105, 10106, 10107, 10108, 10109, 10110, 10111, 10112, 10113, 10114, 10115, 10116, 10117, 10118, 10119]",integer
aug2020$$##$$orders$$##$$orderdate,"['2003-01-06', '2003-01-09', '2003-01-10', '2003-01-29', '2003-01-31', '2003-02-11', '2003-02-17', '2003-02-24', '2003-03-03', '2003-03-10', '2003-03-18', '2003-03-25', '2003-03-24', '2003-03-26', '2003-04-01', '2003-04-04', '2003-04-11', '2003-04-16', '2003-04-21', '2003-04-28']",date & time
aug2020$$##$$orders$$##$$requireddate,"['2003-01-13', '2003-01-18', '2003-01-18', '2003-02-07', '2003-02-09', '2003-02-21', '2003-02-24', '2003-03-03', '2003-03-12', '2003-03-19', '2003-03-24', '2003-03-31', '2003-04-03', '2003-04-02', '2003-04-07', '2003-04-12', '2003-04-19', '2003-04-24', '2003-04-29', '2003-05-05']",date & time
aug2020$$##$$orders$$##$$shippeddate,"['2003-01-10', '2003-01-11', '2003-01-14', '2003-02-02', '2003-02-01', '2003-02-12', '2003-02-21', '2003-02-26', '2003-03-08', '2003-03-11', '2003-03-20', '2003-03-30', '2003-03-29', '2003-03-27', '2003-04-02', '2003-04-07', '2003-04-13', '2003-04-17', '2003-04-26', '2003-05-02']",date & time
aug2020$$##$$orders$$##$$status,"['Shipped', 'Shipped', 'Shipped', 'Shipped', 'Shipped', 'Shipped', 'Shipped', 'Shipped', 'Shipped', 'Shipped', 'Shipped', 'Shipped', 'Shipped', 'Shipped', 'Shipped', 'Shipped', 'Shipped', 'Shipped', 'Shipped', 'Shipped']",close_ended_text
aug2020$$##$$orders$$##$$customernumber,"[363, 128, 181, 121, 141, 145, 278, 131, 385, 486, 187, 129, 144, 124, 172, 424, 381, 148, 216, 382]",integer
aug2021$$##$$acorn$$##$$acorn_id,"[1, 2, 3, 4, 5, 6, 7, 8, 9, 10, 11, 12, 13, 14, 15, 16, 17, 18, 19, 20]",integer
aug2021$$##$$acorn$$##$$lclid,"['MAC005492', 'MAC001074', 'MAC000002', 'MAC003613', 'MAC003597', 'MAC003579', 'MAC003566', 'MAC003557', 'MAC003553', 'MAC003482', 'MAC003463', 'MAC003449', 'MAC003428', 'MAC003423', 'MAC003422', 'MAC003400', 'MAC003394', 'MAC003388', 'MAC003348', 'MAC000246']",alphanumeric
aug2021$$##$$acorn$$##$$acorn,"['ACORN-X', 'ACORN-X', 'ACORN-A', 'ACORN-A', 'ACORN-A', 'ACORN-A', 'ACORN-A', 'ACORN-A', 'ACORN-A', 'ACORN-A', 'ACORN-A', 'ACORN-A', 'ACORN-A', 'ACORN-A', 'ACORN-A', 'ACORN-A', 'ACORN-A', 'ACORN-A', 'ACORN-A', 'ACORN-A']",close_ended_text
aug2021$$##$$acorn$$##$$file,"['block_0', 'block_0', 'block_0', 'block_0', 'block_0', 'block_0', 'block_0', 'block_0', 'block_0', 'block_0', 'block_0', 'block_0', 'block_0', 'block_0', 'block_0', 'block_0', 'block_0', 'block_0', 'block_0', 'block_0']",alphanumeric
aug2021$$##$$energy$$##$$energy_id,"[1, 2, 3, 4, 5, 6, 7, 8, 9, 10, 11, 12, 13, 14, 15, 16, 17, 18, 19, 20]",integer
aug2021$$##$$energy$$##$$lclid,"['MAC000002', 'MAC000002', 'MAC000002', 'MAC000002', 'MAC000002', 'MAC000002', 'MAC000002', 'MAC000002', 'MAC000002', 'MAC000002', 'MAC000002', 'MAC000002', 'MAC000002', 'MAC000002', 'MAC000002', 'MAC000002', 'MAC000002', 'MAC000002', 'MAC000002', 'MAC000002']",alphanumeric
aug2021$$##$$energy$$##$$day,"['2013-01-01', '2013-01-02', '2013-01-03', '2013-01-04', '2013-01-05', '2013-01-06', '2013-01-07', '2013-01-08', '2013-01-09', '2013-01-10', '2013-01-11', '2013-01-12', '2013-01-13', '2013-01-14', '2013-01-15', '2013-01-16', '2013-01-17', '2013-01-18', '2013-01-19', '2013-01-20']",date & time
aug2021$$##$$energy$$##$$energy_median,"[0.1925, 0.2365, 0.1955, 0.1815, 0.1975, 0.2035, 0.1455, 0.159, 0.2265, 0.1695, 0.21, 0.2165, 0.158, 0.2195, 0.13, 0.2285, 0.172, 0.2375, 0.185, 0.221]",float
aug2021$$##$$energy$$##$$energy_mean,"[0.225, 0.277083, 0.209875, 0.205354, 0.232729, 0.214437, 0.196646, 0.2425, 0.317896, 0.22375, 0.228729, 0.220542, 0.215833, 0.255688, 0.204792, 0.300167, 0.205354, 0.352542, 0.327958, 0.240208]",float
aug2021$$##$$energy$$##$$energy_max,"[0.886, 1.078, 1.098, 0.662, 1.181, 1.092, 0.727, 1.241, 1.143, 1.095, 1.111, 1.129, 1.206, 1.007, 1.187, 1.422, 1.016, 1.358, 1.461, 1.151]",float
aug2021$$##$$energy$$##$$energy_std,"[0.164066, 0.189625, 0.154632, 0.13295, 0.186772, 0.1524, 0.144427, 0.207039, 0.285158, 0.190454, 0.175417, 0.169395, 0.184415, 0.207234, 0.18612, 0.317735, 0.15782, 0.312364, 0.354211, 0.191059]",float
aug2021$$##$$energy$$##$$energy_sum,"[10.8, 13.3, 10.074, 9.857, 11.171, 10.293, 9.439, 11.64, 15.259, 10.74, 10.979, 10.586, 10.36, 12.273, 9.83, 14.408, 9.857, 16.922, 15.742, 11.53]",float
aug2021$$##$$energy$$##$$energy_min,"[0.076, 0.073, 0.075, 0.072, 0.075, 0.078, 0.077, 0.075, 0.077, 0.075, 0.074, 0.074, 0.071, 0.074, 0.073, 0.074, 0.074, 0.072, 0.074, 0.073]",float
aug2021$$##$$holidays$$##$$holidays_id,"[1, 2, 3, 4, 5, 6, 7, 8, 9, 10, 11, 12, 13, 14, 15, 16, 17, 18, 19, 20]",integer
aug2021$$##$$holidays$$##$$bank_holidays,"['2012-12-26', '2012-12-25', '2012-08-27', '2012-05-06', '2012-04-06', '2012-07-05', '2012-09-04', '2012-06-04', '2012-02-01', '2013-12-26', '2013-12-25', '2013-08-26', '2013-05-27', '2013-06-05', '2013-01-04', '2013-03-29', '2013-01-01', '2014-12-26', '2014-12-25', '2014-08-25']",date & time
aug2021$$##$$holidays$$##$$type,"['Boxing Day', 'Christmas Day', 'Summer bank holiday', ""Queen's Diamond Jubilee"", 'Spring bank holiday', 'Early May bank holiday', 'Easter Monday', 'Good Friday', ""New Year's Day"", 'Boxing Day', 'Christmas Day', 'Summer bank holiday', 'Spring bank holiday', 'Early May bank holiday', 'Easter Monday', 'Good Friday', ""New Year's Day"", 'Boxing Day', 'Christmas Day', 'Summer bank holiday']",close_ended_text
aug2021$$##$$weather$$##$$weather_id,"[1, 2, 3, 4, 5, 6, 7, 8, 9, 10, 11, 12, 13, 14, 15, 16, 17, 18, 19, 20]",integer
aug2021$$##$$weather$$##$$date,"['2013-01-01', '2013-01-02', '2013-01-03', '2013-01-04', '2013-01-05', '2013-01-06', '2013-01-07', '2013-01-08', '2013-01-09', '2013-01-10', '2013-01-11', '2013-01-12', '2013-01-13', '2013-01-14', '2013-01-15', '2013-01-16', '2013-01-17', '2013-01-18', '2013-01-19', '2013-01-20']",date & time
aug2021$$##$$weather$$##$$temperaturemax,"[7.49, 10.82, 11.41, 10.79, 10.66, 8.61, 9.08, 11.23, 9.21, 3.43, 5.7, 4.53, 3.48, 2.94, 2.38, -0.06, 2.88, 1.33, 0.85, 0.08]",float
aug2021$$##$$weather$$##$$windbearing,"[257, 242, 255, 266, 251, 232, 206, 218, 329, 307, 281, 90, 23, 251, 327, 27, 111, 112, 57, 18]",integer
aug2021$$##$$weather$$##$$icon,"['partly-cloudy-day', 'partly-cloudy-night', 'partly-cloudy-day', 'partly-cloudy-day', 'partly-cloudy-day', 'fog', 'partly-cloudy-day', 'partly-cloudy-day', 'partly-cloudy-day', 'partly-cloudy-day', 'partly-cloudy-day', 'partly-cloudy-day', 'partly-cloudy-day', 'partly-cloudy-day', 'partly-cloudy-day', 'fog', 'partly-cloudy-day', 'fog', 'partly-cloudy-day', 'fog']",close_ended_text
aug2021$$##$$weather$$##$$dewpoint,"[2.4, 5.41, 9.12, 7.31, 7.82, 7.0, 6.78, 7.77, 5.61, 1.46, 1.68, 0.79, -1.76, -0.61, -0.89, -2.6, -2.88, -2.88, -1.83, -1.87]",float
aug2021$$##$$weather$$##$$cloudcover,"[0.43, 0.61, 0.66, 0.83, 0.72, 0.67, 0.84, 0.76, 0.52, 0.7, 0.52, 0.57, 0.6, 0.59, 0.58, 0.48, 0.31, 0.67, 0.84, 0.85]",float
aug2021$$##$$weather$$##$$windspeed,"[4.0, 3.72, 4.36, 4.28, 3.15, 2.23, 3.27, 3.71, 0.93, 1.55, 0.4, 4.76, 3.13, 2.08, 3.28, 0.93, 1.01, 5.2, 4.16, 3.18]",float
aug2021$$##$$weather$$##$$pressure,"[1016.89, 1023.12, 1032.61, 1037.15, 1035.16, 1032.19, 1026.88, 1024.17, 1021.19, 1015.8, 1017.62, 1012.97, 1018.81, 1011.47, 1008.99, 1013.33, 1017.44, 1004.05, 997.28, 994.89]",float
aug2021$$##$$weather$$##$$apparenttemperaturehigh,"[2.34, 7.52, 11.41, 10.17, 10.66, 6.98, 6.36, 11.23, 7.33, 2.36, 5.7, 0.07, -0.62, -0.93, 0.89, -0.15, 2.88, -6.09, -2.56, -3.07]",float
aug2021$$##$$weather$$##$$preciptype,"['rain', 'rain', 'rain', 'rain', 'rain', 'rain', 'rain', 'rain', 'rain', 'rain', 'rain', 'rain', 'rain', 'rain', 'rain', 'snow', 'rain', 'snow', 'snow', 'snow']",close_ended_text
aug2021$$##$$weather$$##$$visibility,"[13.15, 11.35, 11.89, 12.34, 9.58, 5.5, 9.7, 11.73, 8.64, 5.21, 5.7, 10.03, 12.46, 9.66, 11.41, 4.12, 9.64, 6.41, 7.53, 5.1]",float
aug2021$$##$$weather$$##$$humidity,"[0.82, 0.91, 0.91, 0.85, 0.92, 0.96, 0.92, 0.87, 0.9, 0.94, 0.93, 0.83, 0.74, 0.88, 0.85, 0.91, 0.83, 0.85, 0.86, 0.91]",float
aug2021$$##$$weather$$##$$apparenttemperaturelow,"[1.68, 7.07, 7.08, 5.7, 5.08, 5.24, 6.03, 6.48, 1.16, -1.42, -1.29, -1.5, -3.14, -3.16, -4.53, -3.86, -7.28, -6.13, -5.88, -3.32]",float
aug2021$$##$$weather$$##$$apparenttemperaturemax,"[4.38, 10.82, 11.41, 10.79, 10.66, 6.98, 7.31, 11.23, 9.13, 2.36, 5.7, 0.07, -0.09, 0.94, 0.89, -0.15, 2.88, -2.04, -2.56, -0.46]",float
aug2021$$##$$weather$$##$$uvindex,"[1, 1, 1, 1, 1, 1, 1, 1, 1, 1, 1, 1, 1, 1, 1, 1, 1, 1, 1, 1]",integer
aug2021$$##$$weather$$##$$temperaturelow,"[4.42, 9.65, 9.55, 8.07, 6.91, 7.1, 8.19, 8.46, 1.16, 0.89, 1.37, 2.12, -0.41, 1.23, -2.18, -3.86, -1.44, -0.81, -0.93, -0.86]",float
aug2021$$##$$weather$$##$$temperaturemin,"[3.31, 3.31, 9.65, 8.17, 7.84, 6.91, 7.1, 9.02, 1.77, 1.16, 0.89, 1.75, 1.04, -0.41, -0.83, -2.32, -3.86, -1.93, -0.65, -1.45]",float
aug2021$$##$$weather$$##$$temperaturehigh,"[5.76, 9.86, 11.41, 10.17, 10.66, 7.97, 8.56, 11.23, 8.93, 3.43, 5.7, 4.53, 2.88, 2.62, 2.29, -0.06, 2.88, -0.81, 0.85, -0.21]",float
aug2021$$##$$weather$$##$$summary,"['Partly cloudy throughout the day.', 'Mostly cloudy throughout the day.', 'Mostly cloudy throughout the day.', 'Mostly cloudy throughout the day.', 'Mostly cloudy until evening.', 'Foggy until afternoon.', 'Mostly cloudy throughout the day.', 'Mostly cloudy throughout the day.', 'Partly cloudy until evening.', 'Mostly cloudy throughout the day.', 'Mostly cloudy until evening.', 'Mostly cloudy throughout the day.', 'Partly cloudy throughout the day.', 'Mostly cloudy throughout the day.', 'Mostly cloudy until evening.', 'Foggy in the morning.', 'Partly cloudy throughout the day.', 'Foggy until afternoon.', 'Mostly cloudy throughout the day.', 'Foggy until evening.']",close_ended_text
aug2021$$##$$weather$$##$$apparenttemperaturemin,"[0.23, 0.23, 7.07, 5.7, 5.76, 5.08, 5.24, 6.9, 1.77, -0.48, -1.42, -1.06, -2.16, -3.4, -3.16, -4.7, -3.86, -7.8, -5.37, -5.88]",float
aug2021$$##$$weather$$##$$moonphase,"[0.63, 0.66, 0.7, 0.73, 0.77, 0.8, 0.84, 0.88, 0.92, 0.95, 0.99, 0.03, 0.07, 0.1, 0.14, 0.17, 0.2, 0.23, 0.26, 0.3]",float
czechfinancial$$##$$account$$##$$account_id,"[576, 3818, 704, 2378, 2632, 1972, 1539, 793, 2484, 1695, 1726, 2881, 2357, 2177, 485, 652, 9635, 1844, 1926, 2393]",integer
czechfinancial$$##$$account$$##$$district_id,"[55, 74, 55, 16, 24, 77, 1, 47, 74, 76, 48, 70, 19, 62, 6, 21, 70, 44, 37, 10]",integer
czechfinancial$$##$$account$$##$$frequency,"['POPLATEK MESICNE', 'POPLATEK MESICNE', 'POPLATEK MESICNE', 'POPLATEK MESICNE', 'POPLATEK MESICNE', 'POPLATEK MESICNE', 'POPLATEK PO OBRATU', 'POPLATEK MESICNE', 'POPLATEK MESICNE', 'POPLATEK MESICNE', 'POPLATEK MESICNE', 'POPLATEK MESICNE', 'POPLATEK MESICNE', 'POPLATEK MESICNE', 'POPLATEK PO OBRATU', 'POPLATEK MESICNE', 'POPLATEK MESICNE', 'POPLATEK MESICNE', 'POPLATEK MESICNE', 'POPLATEK MESICNE']",close_ended_text
czechfinancial$$##$$account$$##$$date,"[930101, 930101, 930101, 930101, 930102, 930102, 930103, 930103, 930103, 930103, 930103, 930104, 930104, 930104, 930104, 930105, 930105, 930106, 930106, 930107]",integer
czechfinancial$$##$$card$$##$$card_id,"[1005, 104, 747, 70, 577, 377, 721, 437, 188, 13, 732, 181, 384, 309, 478, 563, 369, 376, 483, 174]",integer
czechfinancial$$##$$card$$##$$disp_id,"[9285, 588, 4915, 439, 3687, 2429, 4680, 2762, 1146, 87, 4763, 1066, 2475, 1946, 3084, 3589, 2363, 2428, 3115, 1039]",integer
czechfinancial$$##$$card$$##$$type,"['classic', 'classic', 'classic', 'classic', 'classic', 'classic', 'junior', 'classic', 'classic', 'classic', 'classic', 'classic', 'junior', 'classic', 'classic', 'classic', 'classic', 'classic', 'classic', 'junior']",close_ended_text
czechfinancial$$##$$card$$##$$issued,"['931107 00:00:00', '940119 00:00:00', '940205 00:00:00', '940208 00:00:00', '940215 00:00:00', '940303 00:00:00', '940405 00:00:00', '940601 00:00:00', '940619 00:00:00', '940629 00:00:00', '940721 00:00:00', '940819 00:00:00', '940915 00:00:00', '940919 00:00:00', '941009 00:00:00', '941021 00:00:00', '941108 00:00:00', '941110 00:00:00', '941124 00:00:00', '941204 00:00:00']",alphanumeric
czechfinancial$$##$$client$$##$$client_id,"[1, 2, 3, 4, 5, 6, 7, 8, 9, 10, 11, 12, 13, 14, 15, 16, 17, 18, 19, 20]",integer
czechfinancial$$##$$client$$##$$birth_number,"[706213, 450204, 406009, 561201, 605703, 190922, 290125, 385221, 351016, 430501, 505822, 810220, 745529, 425622, 185828, 190225, 341013, 315405, 421228, 790104]",integer
czechfinancial$$##$$client$$##$$district_id,"[18, 1, 1, 5, 5, 12, 15, 51, 60, 57, 57, 40, 54, 76, 21, 21, 76, 76, 47, 46]",integer
czechfinancial$$##$$disp$$##$$disp_id,"[1, 2, 3, 4, 5, 6, 7, 8, 9, 10, 11, 12, 13, 14, 15, 16, 17, 18, 19, 20]",integer
czechfinancial$$##$$disp$$##$$client_id,"[1, 2, 3, 4, 5, 6, 7, 8, 9, 10, 11, 12, 13, 14, 15, 16, 17, 18, 19, 20]",integer
czechfinancial$$##$$disp$$##$$account_id,"[1, 2, 2, 3, 3, 4, 5, 6, 7, 8, 8, 9, 10, 11, 12, 12, 13, 13, 14, 15]",integer
czechfinancial$$##$$disp$$##$$type,"['OWNER', 'OWNER', 'DISPONENT', 'OWNER', 'DISPONENT', 'OWNER', 'OWNER', 'OWNER', 'OWNER', 'OWNER', 'DISPONENT', 'OWNER', 'OWNER', 'OWNER', 'OWNER', 'DISPONENT', 'OWNER', 'DISPONENT', 'OWNER', 'OWNER']",close_ended_text
czechfinancial$$##$$district$$##$$a1,"[1, 2, 3, 4, 5, 6, 7, 8, 9, 10, 11, 12, 13, 14, 15, 16, 17, 18, 19, 20]",integer
czechfinancial$$##$$district$$##$$a2,"['Hl.m. Praha', 'Benesov', 'Beroun', 'Kladno', 'Kolin', 'Kutna Hora', 'Melnik', 'Mlada Boleslav', 'Nymburk', 'Praha - vychod', 'Praha - zapad', 'Pribram', 'Rakovnik', 'Ceske Budejovice', 'Cesky Krumlov', 'Jindrichuv Hradec', 'Pelhrimov', 'Pisek', 'Prachatice', 'Strakonice']",open_ended_text
czechfinancial$$##$$district$$##$$a3,"['Prague', 'central Bohemia', 'central Bohemia', 'central Bohemia', 'central Bohemia', 'central Bohemia', 'central Bohemia', 'central Bohemia', 'central Bohemia', 'central Bohemia', 'central Bohemia', 'central Bohemia', 'central Bohemia', 'south Bohemia', 'south Bohemia', 'south Bohemia', 'south Bohemia', 'south Bohemia', 'south Bohemia', 'south Bohemia']",close_ended_text
czechfinancial$$##$$district$$##$$a4,"[1204953, 88884, 75232, 149893, 95616, 77963, 94725, 112065, 81344, 92084, 75637, 107870, 53921, 177686, 58796, 93931, 74062, 70699, 51428, 70646]",integer
czechfinancial$$##$$district$$##$$a5,"[0, 80, 55, 63, 65, 60, 38, 95, 61, 55, 35, 84, 61, 69, 22, 74, 99, 60, 50, 94]",integer
czechfinancial$$##$$district$$##$$a6,"[0, 26, 26, 29, 30, 23, 28, 19, 23, 29, 36, 29, 22, 27, 16, 21, 15, 13, 11, 14]",integer
czechfinancial$$##$$district$$##$$a7,"[0, 6, 4, 6, 4, 4, 1, 7, 4, 4, 9, 6, 1, 10, 7, 10, 4, 2, 3, 3]",integer
czechfinancial$$##$$district$$##$$a8,"[1, 2, 1, 2, 1, 2, 3, 1, 2, 3, 0, 1, 1, 1, 1, 1, 2, 1, 1, 1]",integer
czechfinancial$$##$$district$$##$$a9,"[1, 5, 5, 6, 6, 4, 6, 8, 6, 5, 7, 6, 2, 9, 5, 8, 7, 4, 4, 4]",integer
czechfinancial$$##$$district$$##$$a10,"[100.0, 46.7, 41.7, 67.4, 51.4, 51.5, 63.4, 69.4, 55.3, 46.7, 36.5, 58.0, 41.3, 74.8, 51.9, 56.9, 61.4, 65.3, 52.7, 58.4]",float
czechfinancial$$##$$district$$##$$a11,"[12541, 8507, 8980, 9753, 9307, 8546, 9920, 11277, 8899, 10124, 9622, 8754, 8598, 10045, 9045, 8427, 8114, 8968, 8402, 8547]",integer
czechfinancial$$##$$district$$##$$a12,"[0.29, 1.67, 1.95, 4.64, 3.85, 2.95, 2.26, 1.25, 3.39, 0.56, 0.45, 3.83, 2.77, 1.42, 3.13, 1.12, 2.38, 2.83, 3.13, 2.65]",float
czechfinancial$$##$$district$$##$$a13,"[0.43, 1.85, 2.21, 5.05, 4.43, 4.02, 2.87, 1.44, 3.97, 0.54, 0.59, 4.31, 3.26, 1.71, 3.6, 1.54, 2.62, 3.35, 3.98, 3.64]",float
czechfinancial$$##$$district$$##$$a14,"[167, 132, 111, 109, 118, 126, 130, 127, 149, 141, 154, 137, 123, 135, 124, 107, 119, 131, 120, 120]",integer
czechfinancial$$##$$district$$##$$a15,"[85677, 2159, 2824, 5244, 2616, 2640, 4289, 5179, 2987, 3810, 3475, 3804, 1597, 6604, 1845, 1874, 1003, 1740, 999, 1563]",integer
czechfinancial$$##$$district$$##$$a16,"[99107, 2674, 2813, 5892, 3040, 3120, 4846, 4987, 2487, 4316, 3529, 3868, 1875, 6295, 1879, 1913, 1181, 1910, 1099, 1542]",integer
czechfinancial$$##$$loan$$##$$loan_id,"[5314, 5316, 6863, 5325, 7240, 6687, 7284, 6111, 7235, 5997, 7121, 6077, 6228, 6356, 5523, 6456, 7104, 6820, 6876, 7097]",integer
czechfinancial$$##$$loan$$##$$account_id,"[1787, 1801, 9188, 1843, 11013, 8261, 11265, 5428, 10973, 4894, 10364, 5270, 6034, 6701, 2705, 7123, 10320, 9034, 9236, 10266]",integer
czechfinancial$$##$$loan$$##$$date,"[930705, 930711, 930728, 930803, 930906, 930913, 930915, 930924, 931013, 931104, 931110, 931122, 931201, 931208, 931208, 931209, 931213, 931216, 931221, 931223]",integer
czechfinancial$$##$$loan$$##$$amount,"[96396, 165960, 127080, 105804, 274740, 87840, 52788, 174744, 154416, 117024, 21924, 79608, 464520, 95400, 93888, 47016, 259740, 38148, 86616, 75624]",integer
czechfinancial$$##$$loan$$##$$duration,"[12, 36, 60, 36, 60, 24, 12, 24, 48, 24, 36, 24, 60, 36, 36, 12, 60, 12, 12, 24]",integer
czechfinancial$$##$$loan$$##$$payments,"[8033.0, 4610.0, 2118.0, 2939.0, 4579.0, 3660.0, 4399.0, 7281.0, 3217.0, 4876.0, 609.0, 3317.0, 7742.0, 2650.0, 2608.0, 3918.0, 4329.0, 3179.0, 7218.0, 3151.0]",integer
czechfinancial$$##$$loan$$##$$status,"['B', 'A', 'A', 'A', 'A', 'A', 'A', 'B', 'A', 'A', 'A', 'A', 'B', 'A', 'A', 'A', 'A', 'A', 'A', 'B']",close_ended_text
czechfinancial$$##$$order$$##$$order_id,"[29401, 29402, 29403, 29404, 29405, 29406, 29407, 29408, 29409, 29410, 29411, 29412, 29413, 29414, 29415, 29416, 29417, 29418, 29419, 29420]",integer
czechfinancial$$##$$order$$##$$account_id,"[1, 2, 2, 3, 3, 3, 4, 4, 5, 6, 7, 8, 8, 10, 10, 11, 12, 12, 13, 14]",integer
czechfinancial$$##$$order$$##$$bank_to,"['YZ', 'ST', 'QR', 'WX', 'CD', 'AB', 'UV', 'UV', 'GH', 'AB', 'IJ', 'UV', 'IJ', 'UV', 'QR', 'ST', 'CD', 'KL', 'EF', 'WX']",close_ended_text
czechfinancial$$##$$order$$##$$account_to,"[87144583, 89597016, 13943797, 83084338, 24485939, 59972357, 26693541, 5848086, 37390208, 44486999, 34452903, 12510681, 93210345, 18686104, 93182509, 38470870, 23010808, 63607060, 35443323, 11793136]",integer
czechfinancial$$##$$order$$##$$amount,"[2452.0, 3372.7, 7266.0, 1135.0, 327.0, 3539.0, 2078.0, 1285.0, 2668.0, 3954.0, 4880.0, 2612.0, 6712.0, 7033.0, 1344.0, 2132.0, 297.0, 3295.0, 2444.0, 3629.0]",float
czechfinancial$$##$$order$$##$$k_symbol,"['SIPO', 'UVER', 'SIPO', 'SIPO', ' ', 'POJISTNE', 'SIPO', 'SIPO', 'SIPO', 'SIPO', 'SIPO', 'SIPO', ' ', 'SIPO', 'LEASING', 'SIPO', 'SIPO', 'SIPO', 'SIPO', 'SIPO']",close_ended_text
czechfinancial$$##$$trans$$##$$trans_id,"[695247, 171812, 207264, 1117247, 579373, 771035, 452728, 725751, 497211, 232960, 505240, 144541, 637741, 689827, 846006, 637742, 2908688, 232961, 192096, 542215]",integer
czechfinancial$$##$$trans$$##$$account_id,"[2378, 576, 704, 3818, 1972, 2632, 1539, 2484, 1695, 793, 1726, 485, 2177, 2357, 2881, 2177, 9635, 793, 652, 1844]",integer
czechfinancial$$##$$trans$$##$$date,"[930101, 930101, 930101, 930101, 930102, 930102, 930103, 930103, 930103, 930103, 930103, 930104, 930104, 930104, 930104, 930105, 930105, 930105, 930105, 930106]",integer
czechfinancial$$##$$trans$$##$$type,"['PRIJEM', 'PRIJEM', 'PRIJEM', 'PRIJEM', 'PRIJEM', 'PRIJEM', 'PRIJEM', 'PRIJEM', 'PRIJEM', 'PRIJEM', 'PRIJEM', 'PRIJEM', 'PRIJEM', 'PRIJEM', 'PRIJEM', 'PRIJEM', 'PRIJEM', 'PRIJEM', 'PRIJEM', 'PRIJEM']",close_ended_text
czechfinancial$$##$$trans$$##$$operation,"['VKLAD', 'VKLAD', 'VKLAD', 'VKLAD', 'VKLAD', 'VKLAD', 'VKLAD', 'VKLAD', 'VKLAD', 'VKLAD', 'VKLAD', 'VKLAD', 'VKLAD', 'VKLAD', 'VKLAD', 'PREVOD Z UCTU', 'VKLAD', 'PREVOD Z UCTU', 'VKLAD', 'VKLAD']",close_ended_text
czechfinancial$$##$$trans$$##$$amount,"[700.0, 900.0, 1000.0, 600.0, 400.0, 1100.0, 600.0, 1100.0, 200.0, 800.0, 1000.0, 300.0, 800.0, 800.0, 700.0, 5123.0, 400.0, 3401.0, 700.0, 500.0]",float
czechfinancial$$##$$trans$$##$$balance,"[700.0, 900.0, 1000.0, 600.0, 400.0, 1100.0, 600.0, 1100.0, 200.0, 800.0, 1000.0, 300.0, 800.0, 800.0, 700.0, 5923.0, 400.0, 4201.0, 700.0, 500.0]",float
jan2020$$##$$air_traffic_landings$$##$$activity_period,"[200204, 200204, 200204, 200204, 200204, 200204, 200204, 200204, 200204, 200204, 200204, 200204, 200204, 200204, 200204, 200204, 200204, 200204, 200204, 200204]",integer
jan2020$$##$$air_traffic_landings$$##$$operating_airline,"['ATA Airlines', 'ATA Airlines', 'ATA Airlines', 'Aeroflot Russian International Airlines', 'Air Canada', 'Air Canada', 'Air Canada', 'Air Canada', 'Air Canada', 'Air Canada', 'Air China', 'Air France', 'Alaska Airlines', 'Alaska Airlines', 'Alaska Airlines', 'Alaska Airlines', 'Alaska Airlines', 'Alaska Airlines', 'Alaska Airlines', 'Alaska Airlines']",close_ended_text
jan2020$$##$$air_traffic_landings$$##$$operating_airline_iata_code,"['TZ', 'TZ', 'TZ', 'AC', 'AC', 'AC', 'AC', 'AC', 'AC', 'AC', 'CA', 'AF', 'AS', 'AS', 'AS', 'AS', 'AS', 'AS', 'AS', 'AS']",close_ended_text
jan2020$$##$$air_traffic_landings$$##$$published_airline,"['ATA Airlines', 'ATA Airlines', 'ATA Airlines', 'Aeroflot Russian International Airlines', 'Air Canada', 'Air Canada', 'Air Canada', 'Air Canada', 'Air Canada', 'Air Canada', 'Air China', 'Air France', 'Alaska Airlines', 'Alaska Airlines', 'Alaska Airlines', 'Alaska Airlines', 'Alaska Airlines', 'Alaska Airlines', 'Alaska Airlines', 'Alaska Airlines']",close_ended_text
jan2020$$##$$air_traffic_landings$$##$$published_airline_iata_code,"['TZ', 'TZ', 'TZ', 'AC', 'AC', 'AC', 'AC', 'AC', 'AC', 'AC', 'CA', 'AF', 'AS', 'AS', 'AS', 'AS', 'AS', 'AS', 'AS', 'AS']",close_ended_text
jan2020$$##$$air_traffic_landings$$##$$geo_summary,"['Domestic', 'Domestic', 'Domestic', 'International', 'International', 'International', 'International', 'International', 'International', 'International', 'International', 'International', 'Domestic', 'International', 'International', 'Domestic', 'International', 'International', 'Domestic', 'International']",close_ended_text
jan2020$$##$$air_traffic_landings$$##$$geo_region,"['US', 'US', 'US', 'Europe', 'Canada', 'Canada', 'Canada', 'Canada', 'Canada', 'Canada', 'Asia', 'Europe', 'US', 'Canada', 'Mexico', 'US', 'Canada', 'Mexico', 'US', 'Mexico']",close_ended_text
jan2020$$##$$air_traffic_landings$$##$$landing_aircraft_type,"['Passenger', 'Passenger', 'Passenger', 'Passenger', 'Passenger', 'Passenger', 'Passenger', 'Passenger', 'Passenger', 'Passenger', 'Passenger', 'Passenger', 'Passenger', 'Passenger', 'Passenger', 'Passenger', 'Passenger', 'Passenger', 'Passenger', 'Passenger']",close_ended_text
jan2020$$##$$air_traffic_landings$$##$$aircraft_body_type,"['Narrow Body', 'Narrow Body', 'Wide Body', 'Wide Body', 'Narrow Body', 'Narrow Body', 'Wide Body', 'Wide Body', 'Narrow Body', 'Narrow Body', 'Wide Body', 'Wide Body', 'Narrow Body', 'Narrow Body', 'Narrow Body', 'Narrow Body', 'Narrow Body', 'Narrow Body', 'Narrow Body', 'Narrow Body']",close_ended_text
jan2020$$##$$air_traffic_landings$$##$$aircraft_manufacturer,"['Boeing', 'Boeing', 'Lockheed', 'Boeing', 'Boeing', 'Boeing', 'Boeing', 'Boeing', 'Airbus', 'Airbus', 'Boeing', 'Boeing', 'Boeing', 'Boeing', 'Boeing', 'Boeing', 'Boeing', 'Boeing', 'Boeing', 'Boeing']",close_ended_text
jan2020$$##$$air_traffic_landings$$##$$aircraft_model,"['757', '757', 'L1011', '777', '737', '737', '767', '767', 'A319', 'A320', '747', '777', '737', '737', '737', '737', '737', '737', '737', '737']",alphanumeric
jan2020$$##$$air_traffic_landings$$##$$aircraft_version,"[200.0, 300.0, 0.0, 0.0, 200.0, 200.0, 200.0, 333.0, 114.0, 211.0, 400.0, 0.0, 400.0, 400.0, 400.0, 700.0, 700.0, 700.0, 900.0, 900.0]",alphanumeric
jan2020$$##$$air_traffic_landings$$##$$landing_count,"[83, 3, 27, 9, 5, 15, 1, 2, 83, 129, 21, 30, 314, 59, 109, 58, 30, 4, 2, 1]",integer
jan2020$$##$$air_traffic_landings$$##$$total_landed_weight,"[16434000, 672000, 9666000, 4139946, 525000, 1605000, 272048, 639774, 11161923, 18343413, 13229853, 13796400, 37994000, 7139000, 13189000, 7493600, 3876000, 516800, 292600, 146300]",integer
jan2020$$##$$air_traffic_passenger$$##$$activity_period,"[200507, 200507, 200507, 200507, 200507, 200507, 200507, 200507, 200507, 200507, 200507, 200507, 200507, 200507, 200507, 200507, 200507, 200507, 200507, 200507]",integer
jan2020$$##$$air_traffic_passenger$$##$$operating_airline,"['ATA Airlines', 'ATA Airlines', 'ATA Airlines', 'Air Canada', 'Air Canada', 'Air China', 'Air China', 'Air France', 'Air France', 'Air New Zealand', 'Air New Zealand', 'AirTran Airways', 'AirTran Airways', 'Alaska Airlines', 'Alaska Airlines', 'Alaska Airlines', 'Alaska Airlines', 'Alaska Airlines', 'Alaska Airlines', 'Alaska Airlines']",close_ended_text
jan2020$$##$$air_traffic_passenger$$##$$operating_airline_iata_code,"['TZ', 'TZ', 'TZ', 'AC', 'AC', 'CA', 'CA', 'AF', 'AF', 'NZ', 'NZ', 'FL', 'FL', 'AS', 'AS', 'AS', 'AS', 'AS', 'AS', 'AS']",close_ended_text
jan2020$$##$$air_traffic_passenger$$##$$published_airline,"['ATA Airlines', 'ATA Airlines', 'ATA Airlines', 'Air Canada', 'Air Canada', 'Air China', 'Air China', 'Air France', 'Air France', 'Air New Zealand', 'Air New Zealand', 'AirTran Airways', 'AirTran Airways', 'Alaska Airlines', 'Alaska Airlines', 'Alaska Airlines', 'Alaska Airlines', 'Alaska Airlines', 'Alaska Airlines', 'Alaska Airlines']",close_ended_text
jan2020$$##$$air_traffic_passenger$$##$$published_airline_iata_code,"['TZ', 'TZ', 'TZ', 'AC', 'AC', 'CA', 'CA', 'AF', 'AF', 'NZ', 'NZ', 'FL', 'FL', 'AS', 'AS', 'AS', 'AS', 'AS', 'AS', 'AS']",close_ended_text
jan2020$$##$$air_traffic_passenger$$##$$geo_summary,"['Domestic', 'Domestic', 'Domestic', 'International', 'International', 'International', 'International', 'International', 'International', 'International', 'International', 'Domestic', 'Domestic', 'Domestic', 'Domestic', 'Domestic', 'International', 'International', 'International', 'International']",close_ended_text
jan2020$$##$$air_traffic_passenger$$##$$geo_region,"['US', 'US', 'US', 'Canada', 'Canada', 'Asia', 'Asia', 'Europe', 'Europe', 'Australia / Oceania', 'Australia / Oceania', 'US', 'US', 'US', 'US', 'US', 'Canada', 'Canada', 'Mexico', 'Mexico']",close_ended_text
jan2020$$##$$air_traffic_passenger$$##$$activity_type_code,"['Deplaned', 'Enplaned', 'Thru / Transit', 'Deplaned', 'Enplaned', 'Deplaned', 'Enplaned', 'Deplaned', 'Enplaned', 'Deplaned', 'Enplaned', 'Deplaned', 'Enplaned', 'Deplaned', 'Enplaned', 'Thru / Transit', 'Deplaned', 'Enplaned', 'Deplaned', 'Enplaned']",close_ended_text
jan2020$$##$$air_traffic_passenger$$##$$price_category_code,"['Low Fare', 'Low Fare', 'Low Fare', 'Other', 'Other', 'Other', 'Other', 'Other', 'Other', 'Other', 'Other', 'Low Fare', 'Low Fare', 'Other', 'Other', 'Other', 'Other', 'Other', 'Other', 'Other']",close_ended_text
jan2020$$##$$air_traffic_passenger$$##$$terminal,"['Terminal 1', 'Terminal 1', 'Terminal 1', 'Terminal 1', 'Terminal 1', 'International', 'International', 'International', 'International', 'International', 'International', 'International', 'International', 'International', 'International', 'International', 'International', 'International', 'International', 'International']",alphanumeric
jan2020$$##$$air_traffic_passenger$$##$$boarding_area,"['B', 'B', 'B', 'B', 'B', 'G', 'G', 'A', 'A', 'G', 'G', 'A', 'A', 'A', 'A', 'A', 'A', 'A', 'A', 'A']",close_ended_text
jan2020$$##$$air_traffic_passenger$$##$$passenger_count,"[27271, 29131, 5415, 35156, 34090, 6263, 5500, 12050, 11638, 4998, 4962, 8055, 7984, 36641, 39379, 3678, 7977, 8837, 6969, 10046]",integer
july2019$$##$$orders_customer$$##$$id,"[1, 2, 3, 4, 5, 6, 7, 8, 9, 10, 11, 12, 13, 14, 15, 16, 17, 18, 19, 20]",integer
july2019$$##$$orders_customer$$##$$firstname,"['Maria', 'Ana', 'Antonio', 'Thomas', 'Christina', 'Hanna', 'Frédérique', 'Martín', 'Laurence', 'Elizabeth', 'Victoria', 'Patricio', 'Francisco', 'Yang', 'Pedro', 'Elizabeth', 'Sven', 'Janine', 'Ann', 'Roland']",open_ended_text
july2019$$##$$orders_customer$$##$$lastname,"['Anders', 'Trujillo', 'Moreno', 'Hardy', 'Berglund', 'Moos', 'Citeaux', 'Sommer', 'Lebihan', 'Lincoln', 'Ashworth', 'Simpson', 'Chang', 'Wang', 'Afonso', 'Brown', 'Ottlieb', 'Labrune', 'Devon', 'Mendel']",open_ended_text
july2019$$##$$orders_customer$$##$$city,"['Berlin', 'México D.F.', 'México D.F.', 'London', 'Luleå', 'Mannheim', 'Strasbourg', 'Madrid', 'Marseille', 'Tsawassen', 'London', 'Buenos Aires', 'México D.F.', 'Bern', 'Sao Paulo', 'London', 'Aachen', 'Nantes', 'London', 'Graz']",open_ended_text
july2019$$##$$orders_customer$$##$$country,"['Germany', 'Mexico', 'Mexico', 'UK', 'Sweden', 'Germany', 'France', 'Spain', 'France', 'Canada', 'UK', 'Argentina', 'Mexico', 'Switzerland', 'Brazil', 'UK', 'Germany', 'France', 'UK', 'Austria']",close_ended_text
july2019$$##$$orders_customer$$##$$phone,"['030-0074321', '(5) 555-4729', '(5) 555-3932', '(171) 555-7788', '0921-12 34 65', '0621-08460', '88.60.15.31', '(91) 555 22 82', '91.24.45.40', '(604) 555-4729', '(171) 555-1212', '(1) 135-5555', '(5) 555-3392', '0452-076545', '(11) 555-7647', '(171) 555-2282', '0241-039123', '40.67.88.88', '(171) 555-0297', '7675-3425']",alphanumeric
july2019$$##$$orders_orderitem$$##$$id,"[1, 2, 3, 4, 5, 6, 7, 8, 9, 10, 11, 12, 13, 14, 15, 16, 17, 18, 19, 20]",integer
july2019$$##$$orders_orderitem$$##$$orderid,"[1, 1, 1, 2, 2, 3, 3, 3, 4, 4, 4, 5, 5, 5, 6, 6, 6, 7, 7, 7]",integer
july2019$$##$$orders_orderitem$$##$$productid,"[11, 42, 72, 14, 51, 41, 51, 65, 22, 57, 65, 20, 33, 60, 31, 39, 49, 24, 55, 74]",integer
july2019$$##$$orders_orderitem$$##$$unitprice,"[14.0, 9.8, 34.8, 18.6, 42.4, 7.7, 42.4, 16.8, 16.8, 15.6, 16.8, 64.8, 2.0, 27.2, 10.0, 14.4, 16.0, 3.6, 19.2, 8.0]",float
july2019$$##$$orders_orderitem$$##$$quantity,"[12, 10, 5, 9, 40, 10, 35, 15, 6, 15, 20, 40, 25, 40, 20, 42, 40, 15, 21, 21]",integer
july2019$$##$$orders_orders$$##$$id,"[1, 2, 3, 4, 5, 6, 7, 8, 9, 10, 11, 12, 13, 14, 15, 16, 17, 18, 19, 20]",integer
july2019$$##$$orders_orders$$##$$orderdate,"['Jul  4 2012 12:00:00:000AM', 'Jul  5 2012 12:00:00:000AM', 'Jul  8 2012 12:00:00:000AM', 'Jul  8 2012 12:00:00:000AM', 'Jul  9 2012 12:00:00:000AM', 'Jul 10 2012 12:00:00:000AM', 'Jul 11 2012 12:00:00:000AM', 'Jul 12 2012 12:00:00:000AM', 'Jul 15 2012 12:00:00:000AM', 'Jul 16 2012 12:00:00:000AM', 'Jul 17 2012 12:00:00:000AM', 'Jul 18 2012 12:00:00:000AM', 'Jul 19 2012 12:00:00:000AM', 'Jul 19 2012 12:00:00:000AM', 'Jul 22 2012 12:00:00:000AM', 'Jul 23 2012 12:00:00:000AM', 'Jul 24 2012 12:00:00:000AM', 'Jul 25 2012 12:00:00:000AM', 'Jul 26 2012 12:00:00:000AM', 'Jul 29 2012 12:00:00:000AM']",date & time
july2019$$##$$orders_orders$$##$$ordernumber,"[542378, 542379, 542380, 542381, 542382, 542383, 542384, 542385, 542386, 542387, 542388, 542389, 542390, 542391, 542392, 542393, 542394, 542395, 542396, 542397]",integer
july2019$$##$$orders_orders$$##$$customerid,"[85, 79, 34, 84, 76, 34, 14, 68, 88, 35, 20, 13, 56, 61, 65, 20, 24, 7, 87, 25]",integer
july2019$$##$$orders_orders$$##$$totalamount,"[440.0, 1863.4, 1813.0, 670.8, 3730.0, 1444.8, 625.2, 2490.5, 517.8, 1119.9, 2018.6, 100.8, 1746.2, 448.0, 624.8, 2464.8, 724.5, 1176.0, 364.8, 4031.0]",float
july2019$$##$$orders_product$$##$$id,"[1, 2, 3, 4, 5, 6, 7, 8, 9, 10, 11, 12, 13, 14, 15, 16, 17, 18, 19, 20]",integer
july2019$$##$$orders_product$$##$$productname,"['Chai', 'Chang', 'Aniseed Syrup', ""Chef Anton's Cajun Seasoning"", ""Chef Anton's Gumbo Mix"", ""Grandma's Boysenberry Spread"", ""Uncle Bob's Organic Dried Pears"", 'Northwoods Cranberry Sauce', 'Mishi Kobe Niku', 'Ikura', 'Queso Cabrales', 'Queso Manchego La Pastora', 'Konbu', 'Tofu', 'Genen Shouyu', 'Pavlova', 'Alice Mutton', 'Carnarvon Tigers', 'Teatime Chocolate Biscuits', ""Sir Rodney's Marmalade""]",open_ended_text
july2019$$##$$orders_product$$##$$supplierid,"[1, 1, 1, 2, 2, 3, 3, 3, 4, 4, 5, 5, 6, 6, 6, 7, 7, 7, 8, 8]",integer
july2019$$##$$orders_product$$##$$unitprice,"[18.0, 19.0, 10.0, 22.0, 21.35, 25.0, 30.0, 40.0, 97.0, 31.0, 21.0, 38.0, 6.0, 23.25, 15.5, 17.45, 39.0, 62.5, 9.2, 81.0]",float
july2019$$##$$orders_product$$##$$package,"['10 boxes x 20 bags', '24 - 12 oz bottles', '12 - 550 ml bottles', '48 - 6 oz jars', '36 boxes', '12 - 8 oz jars', '12 - 1 lb pkgs.', '12 - 12 oz jars', '18 - 500 g pkgs.', '12 - 200 ml jars', '1 kg pkg.', '10 - 500 g pkgs.', '2 kg box', '40 - 100 g pkgs.', '24 - 250 ml bottles', '32 - 500 g boxes', '20 - 1 kg tins', '16 kg pkg.', '10 boxes x 12 pieces', '30 gift boxes']",alphanumeric
july2019$$##$$orders_product$$##$$isdiscontinued,"[""_binary '0'"", ""_binary '0'"", ""_binary '0'"", ""_binary '0'"", ""_binary '\x01'"", ""_binary '0'"", ""_binary '0'"", ""_binary '0'"", ""_binary '\x01'"", ""_binary '0'"", ""_binary '0'"", ""_binary '0'"", ""_binary '0'"", ""_binary '0'"", ""_binary '0'"", ""_binary '0'"", ""_binary '\x01'"", ""_binary '0'"", ""_binary '0'"", ""_binary '0'""]",alphanumeric
july2019$$##$$orders_supplier$$##$$id,"[1, 2, 3, 4, 5, 6, 7, 8, 9, 10, 11, 12, 13, 14, 15, 16, 17, 18, 19, 20]",integer
july2019$$##$$orders_supplier$$##$$companyname,"['Exotic Liquids', 'New Orleans Cajun Delights', ""Grandma Kelly's Homestead"", 'Tokyo Traders', ""Cooperativa de Quesos 'Las Cabras'"", ""Mayumi's"", 'Pavlova, Ltd.', 'Specialty Biscuits, Ltd.', 'PB Knäckebröd AB', 'Refrescos Americanas LTDA', 'Heli Süßwaren GmbH & Co. KG', 'Plutzer Lebensmittelgroßmärkte AG', 'Nord-Ost-Fisch Handelsgesellschaft mbH', 'Formaggi Fortini s.r.l.', 'Norske Meierier', 'Bigfoot Breweries', 'Svensk Sjöföda AB', 'Aux joyeux ecclésiastiques', 'New England Seafood Cannery', 'Leka Trading']",open_ended_text
july2019$$##$$orders_supplier$$##$$contactname,"['Charlotte Cooper', 'Shelley Burke', 'Regina Murphy', 'Yoshi Nagase', 'Antonio del Valle Saavedra', 'Mayumi Ohno', 'Ian Devling', 'Peter Wilson', 'Lars Peterson', 'Carlos Diaz', 'Petra Winkler', 'Martin Bein', 'Sven Petersen', 'Elio Rossi', 'Beate Vileid', 'Cheryl Saylor', 'Michael Björn', 'Guylène Nodier', 'Robb Merchant', 'Chandra Leka']",open_ended_text
july2019$$##$$orders_supplier$$##$$city,"['London', 'New Orleans', 'Ann Arbor', 'Tokyo', 'Oviedo', 'Osaka', 'Melbourne', 'Manchester', 'Göteborg', 'Sao Paulo', 'Berlin', 'Frankfurt', 'Cuxhaven', 'Ravenna', 'Sandvika', 'Bend', 'Stockholm', 'Paris', 'Boston', 'Singapore']",open_ended_text
july2019$$##$$orders_supplier$$##$$country,"['UK', 'USA', 'USA', 'Japan', 'Spain', 'Japan', 'Australia', 'UK', 'Sweden', 'Brazil', 'Germany', 'Germany', 'Germany', 'Italy', 'Norway', 'USA', 'Sweden', 'France', 'USA', 'Singapore']",close_ended_text
july2019$$##$$orders_supplier$$##$$phone,"['(171) 555-2222', '(100) 555-4822', '(313) 555-5735', '(03) 3555-5011', '(98) 598 76 54', '(06) 431-7877', '(03) 444-2343', '(161) 555-4448', '031-987 65 43', '(11) 555 4640', '(010) 9984510', '(069) 992755', '(04721) 8713', '(0544) 60323', '(0)2-953010', '(503) 555-9931', '08-123 45 67', '(1) 03.83.00.68', '(617) 555-3267', '555-8787']",alphanumeric
lego$$##$$colors$$##$$id,"[-1, 0, 1, 2, 3, 4, 5, 6, 7, 8, 9, 10, 11, 12, 13, 14, 15, 17, 18, 19]",integer
lego$$##$$colors$$##$$name,"['Unknown', 'Black', 'Blue', 'Green', 'Dark Turquoise', 'Red', 'Dark Pink', 'Brown', 'Light Gray', 'Dark Gray', 'Light Blue', 'Bright Green', 'Light Turquoise', 'Salmon', 'Pink', 'Yellow', 'White', 'Light Green', 'Light Yellow', 'Tan']",open_ended_text
lego$$##$$colors$$##$$rgb,"['0033B2', '05131D', '0055BF', '237841', '008F9B', 'C91A09', 'C870A0', '583927', '9BA19D', '6D6E5C', 'B4D2E3', '4B9F4A', '55A5AF', 'F2705E', 'FC97AC', 'F2CD37', 'FFFFFF', 'C2DAB8', 'FBE696', 'E4CD9E']",alphanumeric
lego$$##$$colors$$##$$is_trans,"['f', 'f', 'f', 'f', 'f', 'f', 'f', 'f', 'f', 'f', 'f', 'f', 'f', 'f', 'f', 'f', 'f', 'f', 'f', 'f']",close_ended_text
lego$$##$$inventories$$##$$id,"[1, 3, 4, 15, 16, 17, 19, 21, 22, 25, 26, 27, 28, 29, 30, 31, 32, 33, 34, 35]",integer
lego$$##$$inventories$$##$$version,"[1, 1, 1, 1, 1, 1, 1, 1, 1, 1, 1, 1, 1, 1, 1, 1, 1, 1, 1, 1]",integer
lego$$##$$inventories$$##$$set_num,"['7922-1', '3931-1', '6942-1', '5158-1', '903-1', '850950-1', '4444-1', '3474-1', '30277-1', '71012-11', '6435-1', '3055-1', '7899-1', '1076-3', '40107-1', '14-4', '4024-21', '6356-1', '71017-20', '5004559-1']",alphanumeric
lego$$##$$inventory_parts$$##$$inventory_id,"[1, 1, 1, 1, 3, 3, 3, 3, 3, 3, 3, 3, 3, 3, 3, 3, 3, 3, 3, 3]",integer
lego$$##$$inventory_parts$$##$$part_num,"['48379c01', '48395', 'mcsport6', 'paddle', '11816pr0005', '2343', '3003', '30176', '3020', '3022', '3023', '30357', '3039', '3062b', '3068b', '3069b', '3069b', '33291', '33291', '3795']",alphanumeric
lego$$##$$inventory_parts$$##$$color_id,"[72, 7, 25, 0, 78, 47, 29, 2, 15, 15, 15, 29, 15, 15, 29, 29, 27, 191, 191, 15]",integer
lego$$##$$inventory_parts$$##$$quantity,"[1, 1, 1, 1, 1, 1, 1, 1, 1, 2, 1, 4, 1, 1, 1, 2, 5, 3, 1, 1]",integer
lego$$##$$inventory_parts$$##$$is_spare,"['f', 'f', 'f', 'f', 'f', 'f', 'f', 'f', 'f', 'f', 'f', 'f', 'f', 'f', 'f', 'f', 'f', 'f', 't', 'f']",close_ended_text
lego$$##$$inventory_sets$$##$$inventory_id,"[35, 35, 39, 39, 50, 50, 50, 71, 71, 71, 71, 71, 71, 71, 81, 81, 87, 87, 87, 87]",integer
lego$$##$$inventory_sets$$##$$set_num,"['75911-1', '75912-1', '75048-1', '75053-1', '4515-1', '4520-1', '4531-1', '7690-1', '7691-1', '7692-1', '7693-1', '7694-1', '7695-1', '7697-1', '8451-1', '8453-1', '10233-1', '88002-1', '8870-1', '8878-1']",alphanumeric
lego$$##$$inventory_sets$$##$$quantity,"[1, 1, 1, 1, 1, 2, 1, 1, 1, 1, 1, 1, 1, 1, 1, 1, 1, 1, 1, 1]",integer
lego$$##$$parts$$##$$part_num,"['0687b1', '0901', '0902', '0903', '0904', '1', '10', '10016414', '10019stk01', '10026stk01', '10029stk01', '10036stk01', '10039', '10048', '10049', '10049pr0001', '10050', '10051', '10051pr01', '10052']",alphanumeric
lego$$##$$parts$$##$$name,"['Set 0687 Activity Booklet 1', 'Baseplate 16 x 30 with Set 080 Yellow House Print', 'Baseplate 16 x 24 with Set 080 Small White House Print', 'Baseplate 16 x 24 with Set 080 Red House Print', 'Baseplate 16 x 24 with Set 080 Large White House Print', 'Homemaker Bookcase 2 x 4 x 4', 'Baseplate 24 x 32', 'Sticker Sheet #1 for 41055-1', 'Sticker for Set 10019 - (43274/4170393)', 'Sticker for Set 10026 - (44942/4184185)', 'Sticker for Set 10029 - (4216816)', 'Sticker for Set 10036 - (821407)', 'Pullback Motor 8 x 4 x 2/3', 'Minifig Hair Tousled', 'Minifig Shield Broad with Spiked Bottom and Cutout Corner', 'Minifig Shield Broad with Spiked Bottom and Cutout Corner with Handprint Print', 'Minifig Sword [Uruk-hai]', 'Minifig Helmet Castle with Lateral Comb [Uruk-hai]', 'Minifig Helmet Castle with Lateral Comb and Handprint Print', 'Minifig Beard, Rounded End [Gandalf]']",open_ended_text
lego$$##$$parts$$##$$part_cat_id,"[17, 1, 1, 1, 1, 7, 1, 17, 17, 17, 17, 17, 44, 13, 27, 27, 27, 27, 27, 27]",integer
lego$$##$$part_categories$$##$$id,"[1, 2, 3, 4, 5, 6, 7, 8, 9, 10, 11, 12, 13, 14, 15, 16, 17, 18, 19, 20]",integer
lego$$##$$part_categories$$##$$name,"['Baseplates', 'Bricks Printed', 'Bricks Sloped', 'Duplo, Quatro and Primo', 'Bricks Special', 'Bricks Wedged', 'Containers', 'Technic Bricks', 'Plates Special', 'Tiles Printed', 'Bricks', 'Technic Connectors', 'Minifigs', 'Plates', 'Tiles Special', 'Windows and Doors', 'Non-LEGO', 'Hinges, Arms and Turntables', 'Tiles', 'Bricks Round and Cones']",open_ended_text
lego$$##$$sets$$##$$set_num,"['00-1', '0011-2', '0011-3', '0012-1', '0013-1', '0014-1', '0015-1', '0016-1', '00-2', '00-3', '00-4', '005-1', '00-6', '00-7', '010-1', '010-3', '011-1', '022-1', '03093-1', '033-2']",alphanumeric
lego$$##$$sets$$##$$name,"['Weetabix Castle', 'Town Mini-Figures', 'Castle 2 for 1 Bonus Offer', 'Space Mini-Figures', 'Space Mini-Figures', 'Space Mini-Figures', 'Space Mini-Figures', 'Castle Mini Figures', 'Weetabix Promotional House 1', 'Weetabix Promotional House 2', 'Weetabix Promotional Windmill', 'Basic Building Set in Cardboard', 'Special Offer', 'Weetabix Promotional Lego Village', 'Basic Building Set in Cardboard', 'Basic Building Set', 'Basic Building Set', 'Basic Building Set', 'The Race to Build It Board Game', 'Basic Building Set']",open_ended_text
lego$$##$$sets$$##$$year,"[1970, 1978, 1987, 1979, 1979, 1979, 1979, 1978, 1976, 1976, 1976, 1965, 1985, 1976, 1965, 1968, 1968, 1968, 1999, 1968]",date & time
lego$$##$$sets$$##$$theme_id,"[414, 84, 199, 143, 143, 143, 143, 186, 413, 413, 413, 366, 67, 413, 366, 366, 366, 366, 502, 366]",integer
lego$$##$$sets$$##$$num_parts,"[471, 12, 2, 12, 12, 12, 18, 15, 147, 149, 126, 35, 3, 3, 57, 77, 145, 110, 70, 177]",integer
lego$$##$$themes$$##$$id,"[1, 2, 3, 4, 5, 6, 7, 8, 9, 10, 11, 12, 13, 14, 15, 16, 17, 18, 19, 20]",integer
lego$$##$$themes$$##$$name,"['Technic', 'Arctic Technic', 'Competition', 'Expert Builder', 'Model', 'Airport', 'Construction', 'Farm', 'Fire', 'Harbor', 'Off-Road', 'Race', 'Riding Cycle', 'Robot', 'Traffic', 'RoboRiders', 'Speed Slammers', 'Star Wars', 'Supplemental', 'Throwbot Slizer']",open_ended_text
lego$$##$$themes$$##$$parent_id,"[1.0, 1.0, 1.0, 1.0, 1.0, 5.0, 5.0, 5.0, 5.0, 5.0, 5.0, 5.0, 5.0, 5.0, 5.0, 1.0, 1.0, 1.0, 1.0, 1.0]",integer
may2020$$##$$matches$$##$$year_of_match,"[""'1990'"", ""'1990'"", ""'1990'"", ""'1990'"", ""'1990'"", ""'1990'"", ""'1990'"", ""'1990'"", ""'1990'"", ""'1990'"", ""'1990'"", ""'1990'"", ""'1990'"", ""'1990'"", ""'1990'"", ""'1990'"", ""'1990'"", ""'1990'"", ""'1990'"", ""'1990'""]",date & time
may2020$$##$$matches$$##$$date_time,"["" '24 Jun 1990 - 17:00'"", "" '08 Jun 1990 - 18:00'"", "" '08 Jul 1990 - 20:00'"", "" '03 Jul 1990 - 20:00'"", "" '18 Jun 1990 - 21:00'"", "" '13 Jun 1990 - 21:00'"", "" '30 Jun 1990 - 17:00'"", "" '09 Jun 1990 - 21:00'"", "" '15 Jun 1990 - 17:00'"", "" '19 Jun 1990 - 21:00'"", "" '26 Jun 1990 - 21:00'"", "" '21 Jun 1990 - 17:00'"", "" '12 Jun 1990 - 17:00'"", "" '17 Jun 1990 - 21:00'"", "" '16 Jun 1990 - 17:00'"", "" '20 Jun 1990 - 21:00'"", "" '10 Jun 1990 - 21:00'"", "" '23 Jun 1990 - 17:00'"", "" '01 Jul 1990 - 21:00'"", "" '14 Jun 1990 - 17:00'""]",date & time
may2020$$##$$matches$$##$$stage,"["" 'Round of 16'"", "" 'Group B'"", "" 'Final'"", "" 'Semi-finals'"", "" 'Group B'"", "" 'Group B'"", "" 'Quarter-finals'"", "" 'Group A'"", "" 'Group A'"", "" 'Group A'"", "" 'Round of 16'"", "" 'Group E'"", "" 'Group E'"", "" 'Group E'"", "" 'Group C'"", "" 'Group C'"", "" 'Group C'"", "" 'Round of 16'"", "" 'Quarter-finals'"", "" 'Group B'""]",close_ended_text
may2020$$##$$matches$$##$$city,"["" 'Turin '"", "" 'Milan '"", "" 'Rome '"", "" 'Naples '"", "" 'Naples '"", "" 'Naples '"", "" 'Florence '"", "" 'Rome '"", "" 'Florence '"", "" 'Florence '"", "" 'Bologna '"", "" 'Verona '"", "" 'Verona '"", "" 'Verona '"", "" 'Turin '"", "" 'Turin '"", "" 'Turin '"", "" 'Naples '"", "" 'Naples '"", "" 'Bari '""]",close_ended_text
may2020$$##$$matches$$##$$home_team_name,"["" 'Brazil'"", "" 'Argentina'"", "" 'Germany FR'"", "" 'Italy'"", "" 'Argentina'"", "" 'Argentina'"", "" 'Yugoslavia'"", "" 'Italy'"", "" 'Austria'"", "" 'Austria'"", "" 'England'"", "" 'Belgium'"", "" 'Belgium'"", "" 'Belgium'"", "" 'Brazil'"", "" 'Brazil'"", "" 'Brazil'"", "" 'Cameroon'"", "" 'England'"", "" 'Cameroon'""]",close_ended_text
may2020$$##$$matches$$##$$home_team_goals,"[0, 0, 1, 1, 1, 2, 0, 1, 0, 2, 1, 1, 2, 3, 1, 1, 2, 2, 3, 2]",integer
may2020$$##$$matches$$##$$away_team_goals,"[1, 1, 0, 1, 1, 0, 0, 0, 1, 1, 0, 2, 0, 1, 0, 0, 1, 1, 2, 1]",integer
may2020$$##$$matches$$##$$away_team_name,"["" 'Argentina'"", "" 'Cameroon'"", "" 'Argentina'"", "" 'Argentina'"", "" 'Romania'"", "" 'Soviet Union'"", "" 'Argentina'"", "" 'Austria'"", "" 'Czechoslovakia'"", "" 'USA'"", "" 'Belgium'"", "" 'Spain'"", "" 'Korea Republic'"", "" 'Uruguay'"", "" 'Costa Rica'"", "" 'Scotland'"", "" 'Sweden'"", "" 'Colombia'"", "" 'Cameroon'"", "" 'Romania'""]",close_ended_text
may2020$$##$$matches$$##$$win_conditions,"["" ''"", "" ''"", "" ''"", "" ' win on penalties (3 - 4)'"", "" ''"", "" ''"", "" ' win on penalties (2 - 3)'"", "" ''"", "" ''"", "" ''"", "" 'England win after extra time'"", "" ''"", "" ''"", "" ''"", "" ''"", "" ''"", "" ''"", "" 'Cameroon win after extra time'"", "" 'England win after extra time'"", "" ''""]",alphanumeric
may2020$$##$$matches$$##$$attendance,"[61381, 73780, 73603, 59978, 52733, 55759, 38971, 73303, 38962, 34857, 34520, 35950, 32790, 33759, 58007, 62502, 62628, 50026, 55205, 38687]",integer
may2020$$##$$matches$$##$$half_time_home_goals,"[0, 0, 0, 0, 0, 1, 0, 0, 0, 0, 0, 1, 0, 2, 1, 0, 1, 0, 0, 0]",integer
may2020$$##$$matches$$##$$half_time_away_goals,"[0, 0, 0, 0, 0, 0, 0, 0, 1, 0, 0, 2, 0, 0, 0, 0, 0, 0, 0, 0]",integer
may2020$$##$$matches$$##$$referee,"["" 'QUINIOU Joel (FRA)'"", "" 'VAUTROT Michel (FRA)'"", "" 'CODESAL MENDEZ Edgardo (MEX)'"", "" 'VAUTROT Michel (FRA)'"", "" 'SILVA VALENTE Carlos Alberto (POR)'"", "" 'FREDRIKSSON Erik (SWE)'"", "" 'ROETHLISBERGER Kurt (SUI)'"", "" 'RAMIZ WRIGHT Jose (BRA)'"", "" 'SMITH George (SCO)'"", "" 'AL SHARIF Jamal (SYR)'"", "" 'MIKKELSEN Peter (DEN)'"", "" 'LOUSTAU Juan (ARG)'"", "" 'MAURO Vincent (USA)'"", "" 'KIRSCHEN Siegfried (GER)'"", "" 'JOUINI Neji (TUN)'"", "" 'KOHL Helmut (AUT)'"", "" 'LANESE Tullio (ITA)'"", "" 'LANESE Tullio (ITA)'"", "" 'CODESAL MENDEZ Edgardo (MEX)'"", "" 'SILVA ARCE Hernan (CHI)'""]",open_ended_text
may2020$$##$$matches$$##$$assistant_1,"["" 'SPIRIN Alexey (RUS)'"", "" 'MAURO Vincent (USA)'"", "" 'PEREZ HOYOS Armando (COL)'"", "" 'LISTKIEWICZ Michal (POL)'"", "" 'ULLOA MORERA Berny (CRC)'"", "" 'RAMIZ WRIGHT Jose (BRA)'"", "" 'JOUINI Neji (TUN)'"", "" 'PEREZ HOYOS Armando (COL)'"", "" 'LORENC Richard (AUS)'"", "" 'LORENC Richard (AUS)'"", "" 'KOHL Helmut (AUT)'"", "" 'MACIEL Carlos (PAR)'"", "" 'SNODDY Alan (NIR)'"", "" 'MIKKELSEN Peter (DEN)'"", "" 'DIRAMBA Jean Fidele (GAB)'"", "" 'LISTKIEWICZ Michal (POL)'"", "" 'VAUTROT Michel (FRA)'"", "" 'AL SHARIF Jamal (SYR)'"", "" 'MAURO Vincent (USA)'"", "" 'SILVA VALENTE Carlos Alberto (POR)'""]",close_ended_text
may2020$$##$$matches$$##$$assistant_2,"["" 'PAIRETTO Pierluigi (ITA)'"", "" 'LISTKIEWICZ Michal (POL)'"", "" 'LISTKIEWICZ Michal (POL)'"", "" 'MIKKELSEN Peter (DEN)'"", "" 'LONGHI Carlo (ITA)'"", "" 'AL SHARIF Jamal (SYR)'"", "" 'HANSAL Mohamed (ALG)'"", "" 'SILVA VALENTE Carlos Alberto (POR)'"", "" 'AL SHARIF Jamal (SYR)'"", "" 'PETROVIC Zoran (SRB)'"", "" 'TAKADA Shizuo (JPN)'"", "" 'MAURO Vincent (USA)'"", "" 'COURTNEY George (ENG)'"", "" 'SPIRIN Alexey (RUS)'"", "" 'MANDI Jassim (BHR)'"", "" 'KIRSCHEN Siegfried (GER)'"", "" 'JOUINI Neji (TUN)'"", "" 'ULLOA MORERA Berny (CRC)'"", "" 'MANDI Jassim (BHR)'"", "" 'PEREZ HOYOS Armando (COL)'""]",close_ended_text
may2020$$##$$matches$$##$$round_id,"[323, 322, 3462, 3464, 322, 322, 751, 322, 322, 322, 323, 322, 322, 322, 322, 322, 322, 323, 751, 322]",integer
may2020$$##$$matches$$##$$match_id,"[25, 26, 27, 28, 29, 30, 31, 42, 43, 48, 55, 56, 57, 66, 73, 74, 75, 102, 103, 108]",integer
may2020$$##$$matches$$##$$home_team_initials,"["" 'BRA'"", "" 'ARG'"", "" 'FRG'"", "" 'ITA'"", "" 'ARG'"", "" 'ARG'"", "" 'YUG'"", "" 'ITA'"", "" 'AUT'"", "" 'AUT'"", "" 'ENG'"", "" 'BEL'"", "" 'BEL'"", "" 'BEL'"", "" 'BRA'"", "" 'BRA'"", "" 'BRA'"", "" 'CMR'"", "" 'ENG'"", "" 'CMR'""]",close_ended_text
may2020$$##$$matches$$##$$away_team_initials,"["" 'ARG'"", "" 'CMR'"", "" 'ARG'"", "" 'ARG'"", "" 'ROU'"", "" 'URS'"", "" 'ARG'"", "" 'AUT'"", "" 'TCH'"", "" 'USA'"", "" 'BEL'"", "" 'ESP'"", "" 'KOR'"", "" 'URU'"", "" 'CRC'"", "" 'SCO'"", "" 'SWE'"", "" 'COL'"", "" 'CMR'"", "" 'ROU'""]",close_ended_text
may2020$$##$$players$$##$$id,"[9965, 9966, 9967, 9968, 9969, 9970, 9971, 9972, 9973, 9974, 9975, 9976, 9977, 9978, 9979, 9980, 9981, 9982, 9983, 9984]",integer
may2020$$##$$players$$##$$round_id,"[262, 262, 262, 262, 262, 262, 262, 262, 262, 262, 262, 262, 262, 262, 262, 262, 262, 262, 262, 262]",integer
may2020$$##$$players$$##$$match_id,"[1986, 1986, 1986, 1986, 1986, 1986, 1986, 1986, 1986, 1986, 1986, 1986, 1986, 1986, 1986, 1986, 1986, 1986, 1986, 1986]",integer
may2020$$##$$players$$##$$team_initials,"["" 'BRA'"", "" 'YUG'"", "" 'BRA'"", "" 'YUG'"", "" 'BRA'"", "" 'YUG'"", "" 'BRA'"", "" 'YUG'"", "" 'BRA'"", "" 'YUG'"", "" 'BRA'"", "" 'YUG'"", "" 'BRA'"", "" 'YUG'"", "" 'BRA'"", "" 'YUG'"", "" 'BRA'"", "" 'YUG'"", "" 'BRA'"", "" 'YUG'""]",close_ended_text
may2020$$##$$players$$##$$coach_name,"["" 'ZAGALLO Mario (BRA)'"", "" 'MILJANIC Miljan (SRB)'"", "" 'ZAGALLO Mario (BRA)'"", "" 'MILJANIC Miljan (SRB)'"", "" 'ZAGALLO Mario (BRA)'"", "" 'MILJANIC Miljan (SRB)'"", "" 'ZAGALLO Mario (BRA)'"", "" 'MILJANIC Miljan (SRB)'"", "" 'ZAGALLO Mario (BRA)'"", "" 'MILJANIC Miljan (SRB)'"", "" 'ZAGALLO Mario (BRA)'"", "" 'MILJANIC Miljan (SRB)'"", "" 'ZAGALLO Mario (BRA)'"", "" 'MILJANIC Miljan (SRB)'"", "" 'ZAGALLO Mario (BRA)'"", "" 'MILJANIC Miljan (SRB)'"", "" 'ZAGALLO Mario (BRA)'"", "" 'MILJANIC Miljan (SRB)'"", "" 'ZAGALLO Mario (BRA)'"", "" 'MILJANIC Miljan (SRB)'""]",open_ended_text
may2020$$##$$players$$##$$line_up,"["" 'S'"", "" 'S'"", "" 'S'"", "" 'S'"", "" 'S'"", "" 'S'"", "" 'S'"", "" 'S'"", "" 'S'"", "" 'S'"", "" 'S'"", "" 'S'"", "" 'S'"", "" 'S'"", "" 'S'"", "" 'S'"", "" 'S'"", "" 'S'"", "" 'S'"", "" 'S'""]",close_ended_text
may2020$$##$$players$$##$$shirt_number,"[1, 1, 2, 2, 3, 3, 5, 4, 6, 5, 7, 6, 8, 7, 10, 8, 11, 9, 13, 10]",integer
may2020$$##$$players$$##$$player_name,"["" 'LEAO'"", "" 'Enver MARIC'"", "" 'LUIS PEREIRA'"", "" 'Ivan BULJAN'"", "" 'MARINHO PERES'"", "" 'Enver HADZIABDIC'"", "" 'WILSON PIAZZA'"", "" 'Drazen MUZINIC'"", "" 'MARINHO CHAGAS'"", "" 'Josip KATALINSKI'"", "" 'JAIRZINHO'"", "" 'Vladislav BOGICEVIC'"", "" 'LEIVINHA'"", "" 'Ilija PETKOVIC'"", "" 'RIVELINO'"", "" 'Branko OBLAK'"", "" 'PAULO CESAR'"", "" 'Ivica SURJAK'"", "" 'VALDOMIRO'"", "" 'Jovan ACIMOVIC'""]",close_ended_text
may2020$$##$$players$$##$$position,"["" 'GK'"", "" 'GK'"", "" ''"", "" ''"", "" ''"", "" ''"", "" 'C'"", "" ''"", "" ''"", "" ''"", "" ''"", "" ''"", "" ''"", "" ''"", "" ''"", "" ''"", "" ''"", "" ''"", "" ''"", "" ''""]",close_ended_text
may2020$$##$$players$$##$$event,"["" ''"", "" ''"", "" ''"", "" ''"", "" ''"", "" ''"", "" ''"", "" ''"", "" ''"", "" ''"", "" ''"", "" ''"", "" ''"", "" ''"", "" ''"", "" 'Y17'"", "" ''"", "" ''"", "" ''"", "" 'Y49'""]",alphanumeric
may2020$$##$$worldcups$$##$$year_of_match,"[1974, 1978, 1986, 1990, 1994, 1998, 2002, 2006, 2014]",date & time
may2020$$##$$worldcups$$##$$country,"["" 'Germany'"", "" 'Argentina'"", "" 'Mexico'"", "" 'Italy'"", "" 'USA'"", "" 'France'"", "" 'Korea/Japan'"", "" 'Germany'"", "" 'Brazil'""]",open_ended_text
may2020$$##$$worldcups$$##$$winner,"["" 'Germany FR'"", "" 'Argentina'"", "" 'Argentina'"", "" 'Germany FR'"", "" 'Brazil'"", "" 'France'"", "" 'Brazil'"", "" 'Italy'"", "" 'Germany'""]",open_ended_text
may2020$$##$$worldcups$$##$$runners_up,"["" 'Netherlands'"", "" 'Netherlands'"", "" 'Germany FR'"", "" 'Argentina'"", "" 'Italy'"", "" 'Brazil'"", "" 'Germany'"", "" 'France'"", "" 'Argentina'""]",open_ended_text
may2020$$##$$worldcups$$##$$third,"["" 'Poland'"", "" 'Brazil'"", "" 'France'"", "" 'Italy'"", "" 'Sweden'"", "" 'Croatia'"", "" 'Turkey'"", "" 'Germany'"", "" 'Netherlands'""]",open_ended_text
may2020$$##$$worldcups$$##$$fourth,"["" 'Brazil'"", "" 'Italy'"", "" 'Belgium'"", "" 'England'"", "" 'Bulgaria'"", "" 'Netherlands'"", "" 'Korea Republic'"", "" 'Portugal'"", "" 'Brazil'""]",open_ended_text
may2020$$##$$worldcups$$##$$goals_scored,"[97, 102, 132, 115, 141, 171, 161, 147, 171]",integer
may2020$$##$$worldcups$$##$$qualified_teams,"[16, 16, 24, 24, 24, 32, 32, 32, 32]",integer
may2020$$##$$worldcups$$##$$matches_played,"[38, 38, 52, 52, 52, 64, 64, 64, 64]",integer
may2020$$##$$worldcups$$##$$attendance,"[1865, 1545, 2394, 2516, 3587, 2785, 2705, 3359, 3386]",integer
nov2019$$##$$deliveries$$##$$match_id,"[1, 1, 1, 1, 1, 1, 1, 1, 1, 1, 1, 1, 1, 1, 1, 1, 1, 1, 1, 1]",integer
nov2019$$##$$deliveries$$##$$inning,"[1, 1, 1, 1, 1, 1, 1, 1, 1, 1, 1, 1, 1, 1, 1, 1, 1, 1, 1, 1]",integer
nov2019$$##$$deliveries$$##$$batting_team,"['Sunrisers Hyderabad', 'Sunrisers Hyderabad', 'Sunrisers Hyderabad', 'Sunrisers Hyderabad', 'Sunrisers Hyderabad', 'Sunrisers Hyderabad', 'Sunrisers Hyderabad', 'Sunrisers Hyderabad', 'Sunrisers Hyderabad', 'Sunrisers Hyderabad', 'Sunrisers Hyderabad', 'Sunrisers Hyderabad', 'Sunrisers Hyderabad', 'Sunrisers Hyderabad', 'Sunrisers Hyderabad', 'Sunrisers Hyderabad', 'Sunrisers Hyderabad', 'Sunrisers Hyderabad', 'Sunrisers Hyderabad', 'Sunrisers Hyderabad']",close_ended_text
nov2019$$##$$deliveries$$##$$bowling_team,"['Royal Challengers Bangalore', 'Royal Challengers Bangalore', 'Royal Challengers Bangalore', 'Royal Challengers Bangalore', 'Royal Challengers Bangalore', 'Royal Challengers Bangalore', 'Royal Challengers Bangalore', 'Royal Challengers Bangalore', 'Royal Challengers Bangalore', 'Royal Challengers Bangalore', 'Royal Challengers Bangalore', 'Royal Challengers Bangalore', 'Royal Challengers Bangalore', 'Royal Challengers Bangalore', 'Royal Challengers Bangalore', 'Royal Challengers Bangalore', 'Royal Challengers Bangalore', 'Royal Challengers Bangalore', 'Royal Challengers Bangalore', 'Royal Challengers Bangalore']",close_ended_text
nov2019$$##$$deliveries$$##$$overs,"[1, 1, 1, 1, 1, 1, 1, 2, 2, 2, 2, 2, 2, 2, 3, 3, 3, 3, 3, 3]",integer
nov2019$$##$$deliveries$$##$$ball,"[1, 2, 3, 4, 5, 6, 7, 1, 2, 3, 4, 5, 6, 7, 1, 2, 3, 4, 5, 6]",integer
nov2019$$##$$deliveries$$##$$batsmen,"['DA Warner', 'DA Warner', 'DA Warner', 'DA Warner', 'DA Warner', 'S Dhawan', 'S Dhawan', 'S Dhawan', 'DA Warner', 'DA Warner', 'DA Warner', 'DA Warner', 'MC Henriques', 'MC Henriques', 'S Dhawan', 'MC Henriques', 'MC Henriques', 'MC Henriques', 'S Dhawan', 'MC Henriques']",close_ended_text
nov2019$$##$$deliveries$$##$$non_striker_batsmen,"['S Dhawan', 'S Dhawan', 'S Dhawan', 'S Dhawan', 'S Dhawan', 'DA Warner', 'DA Warner', 'DA Warner', 'S Dhawan', 'S Dhawan', 'S Dhawan', 'S Dhawan', 'S Dhawan', 'S Dhawan', 'MC Henriques', 'S Dhawan', 'S Dhawan', 'S Dhawan', 'MC Henriques', 'S Dhawan']",close_ended_text
nov2019$$##$$deliveries$$##$$bowler,"['TS Mills', 'TS Mills', 'TS Mills', 'TS Mills', 'TS Mills', 'TS Mills', 'TS Mills', 'A Choudhary', 'A Choudhary', 'A Choudhary', 'A Choudhary', 'A Choudhary', 'A Choudhary', 'A Choudhary', 'TS Mills', 'TS Mills', 'TS Mills', 'TS Mills', 'TS Mills', 'TS Mills']",close_ended_text
nov2019$$##$$deliveries$$##$$is_super_over,"[0, 0, 0, 0, 0, 0, 0, 0, 0, 0, 0, 0, 0, 0, 0, 0, 0, 0, 0, 0]",integer
nov2019$$##$$deliveries$$##$$wide_runs,"[0, 0, 0, 0, 2, 0, 0, 0, 0, 0, 0, 0, 0, 0, 0, 0, 0, 0, 0, 0]",integer
nov2019$$##$$deliveries$$##$$bye_runs,"[0, 0, 0, 0, 0, 0, 0, 0, 0, 0, 0, 0, 0, 0, 0, 0, 0, 0, 0, 0]",integer
nov2019$$##$$deliveries$$##$$legbye_runs,"[0, 0, 0, 0, 0, 0, 1, 0, 0, 0, 0, 0, 0, 0, 0, 0, 0, 0, 0, 0]",integer
nov2019$$##$$deliveries$$##$$noball_runs,"[0, 0, 0, 0, 0, 0, 0, 0, 0, 1, 0, 0, 0, 0, 0, 0, 0, 0, 0, 0]",integer
nov2019$$##$$deliveries$$##$$penalty_runs,"[0, 0, 0, 0, 0, 0, 0, 0, 0, 0, 0, 0, 0, 0, 0, 0, 0, 0, 0, 0]",integer
nov2019$$##$$deliveries$$##$$batsman_runs,"[0, 0, 4, 0, 0, 0, 0, 1, 4, 0, 6, 0, 0, 4, 1, 0, 0, 3, 1, 1]",integer
nov2019$$##$$deliveries$$##$$extra_runs,"[0, 0, 0, 0, 2, 0, 1, 0, 0, 1, 0, 0, 0, 0, 0, 0, 0, 0, 0, 0]",integer
nov2019$$##$$deliveries$$##$$total_runs,"[0, 0, 4, 0, 2, 0, 1, 1, 4, 1, 6, 0, 0, 4, 1, 0, 0, 3, 1, 1]",integer
nov2019$$##$$matches$$##$$id,"[1, 2, 3, 4, 5, 6, 7, 8, 9, 10, 11, 12, 13, 14, 15, 16, 17, 18, 19, 20]",integer
nov2019$$##$$matches$$##$$season,"[2017, 2017, 2017, 2017, 2017, 2017, 2017, 2017, 2017, 2017, 2017, 2017, 2017, 2017, 2017, 2017, 2017, 2017, 2017, 2017]",date & time
nov2019$$##$$matches$$##$$city,"['Hyderabad', 'Pune', 'Rajkot', 'Indore', 'Bangalore', 'Hyderabad', 'Mumbai', 'Indore', 'Pune', 'Mumbai', 'Kolkata', 'Bangalore', 'Rajkot', 'Kolkata', 'Delhi', 'Mumbai', 'Bangalore', 'Delhi', 'Hyderabad', 'Rajkot']",close_ended_text
nov2019$$##$$matches$$##$$match_date,"['4/5/2017', '4/6/2017', '4/7/2017', '4/8/2017', '4/8/2017', '4/9/2017', '4/9/2017', '4/10/2017', '4/11/2017', '4/12/2017', '4/13/2017', '4/14/2017', '4/14/2017', '4/15/2017', '4/15/2017', '4/16/2017', '4/16/2017', '4/17/2017', '4/17/2017', '4/18/2017']",date & time
nov2019$$##$$matches$$##$$team1,"['Sunrisers Hyderabad', 'Mumbai Indians', 'Gujarat Lions', 'Rising Pune Supergiants', 'Royal Challengers Bangalore', 'Gujarat Lions', 'Kolkata Knight Riders', 'Royal Challengers Bangalore', 'Delhi Daredevils', 'Sunrisers Hyderabad', 'Kings XI Punjab', 'Royal Challengers Bangalore', 'Rising Pune Supergiants', 'Kolkata Knight Riders', 'Delhi Daredevils', 'Gujarat Lions', 'Rising Pune Supergiants', 'Delhi Daredevils', 'Sunrisers Hyderabad', 'Royal Challengers Bangalore']",close_ended_text
nov2019$$##$$matches$$##$$team2,"['Royal Challengers Bangalore', 'Rising Pune Supergiants', 'Kolkata Knight Riders', 'Kings XI Punjab', 'Delhi Daredevils', 'Sunrisers Hyderabad', 'Mumbai Indians', 'Kings XI Punjab', 'Rising Pune Supergiants', 'Mumbai Indians', 'Kolkata Knight Riders', 'Mumbai Indians', 'Gujarat Lions', 'Sunrisers Hyderabad', 'Kings XI Punjab', 'Mumbai Indians', 'Royal Challengers Bangalore', 'Kolkata Knight Riders', 'Kings XI Punjab', 'Gujarat Lions']",close_ended_text
nov2019$$##$$matches$$##$$toss_winner,"['Royal Challengers Bangalore', 'Rising Pune Supergiants', 'Kolkata Knight Riders', 'Kings XI Punjab', 'Royal Challengers Bangalore', 'Sunrisers Hyderabad', 'Mumbai Indians', 'Royal Challengers Bangalore', 'Rising Pune Supergiants', 'Mumbai Indians', 'Kolkata Knight Riders', 'Mumbai Indians', 'Gujarat Lions', 'Sunrisers Hyderabad', 'Delhi Daredevils', 'Mumbai Indians', 'Royal Challengers Bangalore', 'Delhi Daredevils', 'Kings XI Punjab', 'Gujarat Lions']",close_ended_text
nov2019$$##$$matches$$##$$toss_decision,"['field', 'field', 'field', 'field', 'bat', 'field', 'field', 'bat', 'field', 'field', 'field', 'field', 'field', 'field', 'bat', 'field', 'field', 'bat', 'field', 'field']",close_ended_text
nov2019$$##$$matches$$##$$result,"['normal', 'normal', 'normal', 'normal', 'normal', 'normal', 'normal', 'normal', 'normal', 'normal', 'normal', 'normal', 'normal', 'normal', 'normal', 'normal', 'normal', 'normal', 'normal', 'normal']",close_ended_text
nov2019$$##$$matches$$##$$dl_applied,"[0, 0, 0, 0, 0, 0, 0, 0, 0, 0, 0, 0, 0, 0, 0, 0, 0, 0, 0, 0]",integer
nov2019$$##$$matches$$##$$winner,"['Sunrisers Hyderabad', 'Rising Pune Supergiants', 'Kolkata Knight Riders', 'Kings XI Punjab', 'Royal Challengers Bangalore', 'Sunrisers Hyderabad', 'Mumbai Indians', 'Kings XI Punjab', 'Delhi Daredevils', 'Mumbai Indians', 'Kolkata Knight Riders', 'Mumbai Indians', 'Gujarat Lions', 'Kolkata Knight Riders', 'Delhi Daredevils', 'Mumbai Indians', 'Rising Pune Supergiants', 'Kolkata Knight Riders', 'Sunrisers Hyderabad', 'Royal Challengers Bangalore']",close_ended_text
nov2019$$##$$matches$$##$$win_by_runs,"[35, 0, 0, 0, 15, 0, 0, 0, 97, 0, 0, 0, 0, 17, 51, 0, 27, 0, 5, 21]",integer
nov2019$$##$$matches$$##$$win_by_wickets,"[0, 7, 10, 6, 0, 9, 4, 8, 0, 4, 8, 4, 7, 0, 0, 6, 0, 4, 0, 0]",integer
nov2019$$##$$matches$$##$$player_of_the_match,"['Yuvraj Singh', 'SPD Smith', 'CA Lynn', 'GJ Maxwell', 'KM Jadhav', 'Rashid Khan', 'N Rana', 'AR Patel', 'SV Samson', 'JJ Bumrah', 'SP Narine', 'KA Pollard', 'AJ Tye', 'RV Uthappa', 'CJ Anderson', 'N Rana', 'BA Stokes', 'NM Coulter-Nile', 'B Kumar', 'CH Gayle']",close_ended_text
nov2019$$##$$matches$$##$$venue,"['Rajiv Gandhi International Stadium, Uppal', 'Maharashtra Cricket Association Stadium', 'Saurashtra Cricket Association Stadium', 'Holkar Cricket Stadium', 'M Chinnaswamy Stadium', 'Rajiv Gandhi International Stadium, Uppal', 'Wankhede Stadium', 'Holkar Cricket Stadium', 'Maharashtra Cricket Association Stadium', 'Wankhede Stadium', 'Eden Gardens', 'M Chinnaswamy Stadium', 'Saurashtra Cricket Association Stadium', 'Eden Gardens', 'Feroz Shah Kotla', 'Wankhede Stadium', 'M Chinnaswamy Stadium', 'Feroz Shah Kotla', 'Rajiv Gandhi International Stadium, Uppal', 'Saurashtra Cricket Association Stadium']",close_ended_text
nov2019$$##$$matches$$##$$umpire1,"['AY Dandekar', 'A Nand Kishore', 'Nitin Menon', 'AK Chaudhary', 'C Shamshuddin', 'A Deshmukh', 'Nitin Menon', 'AK Chaudhary', 'AY Dandekar', 'Nitin Menon', 'A Deshmukh', 'KN Ananthapadmanabhan', 'A Nand Kishore', 'AY Dandekar', 'YC Barde', 'A Nand Kishore', 'KN Ananthapadmanabhan', 'Nitin Menon', 'AY Dandekar', 'S Ravi']",close_ended_text
nov2019$$##$$matches$$##$$umpire2,"['NJ Llong', 'S Ravi', 'CK Nandan', 'C Shamshuddin', 'A Nand Kishore', 'NJ Llong', 'CK Nandan', 'C Shamshuddin', 'S Ravi', 'CK Nandan']",close_ended_text
