Id,FirstName,LastName,City,Country,Phone
1,Maria,Anders,Berlin,Germany,030-0074321
2,Ana,Trujillo,México D.F.,Mexico,(5) 555-4729
3,Antonio,Moreno,México D.F.,Mexico,(5) 555-3932
4,Thomas,Hardy,London,UK,(171) 555-7788
5,Christina,Berglund,Luleå,Sweden,0921-12 34 65
6,Hanna,Moos,Mannheim,Germany,0621-08460
7,Frédérique,Citeaux,Strasbourg,France,88.60.15.31
8,Martín,Sommer,Madrid,Spain,(91) 555 22 82
9,Laurence,Lebihan,Marseille,France,91.24.45.40
10,Elizabeth,Lincoln,Tsawassen,Canada,(604) 555-4729
11,Victoria,Ashworth,London,UK,(171) 555-1212
12,Patricio,Simpson,Buenos Aires,Argentina,(1) 135-5555
13,Francisco,Chang,México D.F.,Mexico,(5) 555-3392
14,Yang,Wang,Bern,Switzerland,0452-076545
15,Pedro,Afonso,Sao Paulo,Brazil,(11) 555-7647
16,Elizabeth,Brown,London,UK,(171) 555-2282
17,Sven,Ottlieb,Aachen,Germany,0241-039123
18,Janine,Labrune,Nantes,France,40.67.88.88
19,Ann,Devon,London,UK,(171) 555-0297
20,Roland,Mendel,Graz,Austria,7675-3425
