Id,ProductName,SupplierId,UnitPrice,Package,IsDiscontinued
1,Chai,1,18.0,10 boxes x 20 bags,_binary '0'
2,Chang,1,19.0,24 - 12 oz bottles,_binary '0'
3,Aniseed Syrup,1,10.0,12 - 550 ml bottles,_binary '0'
4,Chef Anton's Cajun Seasoning,2,22.0,48 - 6 oz jars,_binary '0'
5,Chef Anton's Gumbo Mix,2,21.35,36 boxes,_binary ''
6,Grandma's Boysenberry Spread,3,25.0,12 - 8 oz jars,_binary '0'
7,Uncle Bob's Organic Dried Pears,3,30.0,12 - 1 lb pkgs.,_binary '0'
8,Northwoods Cranberry Sauce,3,40.0,12 - 12 oz jars,_binary '0'
9,Mishi Kobe Niku,4,97.0,18 - 500 g pkgs.,_binary ''
10,Ikura,4,31.0,12 - 200 ml jars,_binary '0'
11,Queso Cabrales,5,21.0,1 kg pkg.,_binary '0'
12,Queso Manchego La Pastora,5,38.0,10 - 500 g pkgs.,_binary '0'
13,Konbu,6,6.0,2 kg box,_binary '0'
14,Tofu,6,23.25,40 - 100 g pkgs.,_binary '0'
15,Genen Shouyu,6,15.5,24 - 250 ml bottles,_binary '0'
16,Pavlova,7,17.45,32 - 500 g boxes,_binary '0'
17,Alice Mutton,7,39.0,20 - 1 kg tins,_binary ''
18,Carnarvon Tigers,7,62.5,16 kg pkg.,_binary '0'
19,Teatime Chocolate Biscuits,8,9.2,10 boxes x 12 pieces,_binary '0'
20,Sir Rodney's Marmalade,8,81.0,30 gift boxes,_binary '0'
