Id,CompanyName,ContactName,ContactTitle,City,Country,Phone,Fax
1,Exotic Liquids,Charlotte Cooper,,London,UK,(171) 555-2222,
2,New Orleans Cajun Delights,Shelley Burke,,New Orleans,USA,(100) 555-4822,
3,Grandma Kelly's Homestead,Regina Murphy,,Ann Arbor,USA,(313) 555-5735,(313) 555-3349
4,Tokyo Traders,Yoshi Nagase,,Tokyo,Japan,(03) 3555-5011,
5,Cooperativa de Quesos 'Las Cabras',Antonio del Valle Saavedra,,Oviedo,Spain,(98) 598 76 54,
6,Mayumi's,Mayumi Ohno,,Osaka,Japan,(06) 431-7877,
7,"Pavlova, Ltd.",Ian Devling,,Melbourne,Australia,(03) 444-2343,(03) 444-6588
8,"Specialty Biscuits, Ltd.",Peter Wilson,,Manchester,UK,(161) 555-4448,
9,PB Knäckebröd AB,Lars Peterson,,Göteborg,Sweden,031-987 65 43,031-987 65 91
10,Refrescos Americanas LTDA,Carlos Diaz,,Sao Paulo,Brazil,(11) 555 4640,
11,Heli Süßwaren GmbH & Co. KG,Petra Winkler,,Berlin,Germany,(010) 9984510,
12,Plutzer Lebensmittelgroßmärkte AG,Martin Bein,,Frankfurt,Germany,(069) 992755,
13,Nord-Ost-Fisch Handelsgesellschaft mbH,Sven Petersen,,Cuxhaven,Germany,(04721) 8713,(04721) 8714
14,Formaggi Fortini s.r.l.,Elio Rossi,,Ravenna,Italy,(0544) 60323,(0544) 60603
15,Norske Meierier,Beate Vileid,,Sandvika,Norway,(0)2-953010,
16,Bigfoot Breweries,Cheryl Saylor,,Bend,USA,(503) 555-9931,
17,Svensk Sjöföda AB,Michael Björn,,Stockholm,Sweden,08-123 45 67,
18,Aux joyeux ecclésiastiques,Guylène Nodier,,Paris,France,(1) 03.83.00.68,(1) 03.83.00.62
19,New England Seafood Cannery,Robb Merchant,,Boston,USA,(617) 555-3267,(617) 555-3389
20,Leka Trading,Chandra Leka,,Singapore,Singapore,555-8787,
