customerNumber,customerName,contactLastName,contactFirstName,phone,addressLine1,addressLine2,city,state,postalCode,country,salesRepEmployeeNumber,creditLimit
103,Atelier graphique,Schmitt,Carine ,40.32.2555,"54, rue Royale",,Nantes,,44000,France,1370.0,21000.0
112,Signal Gift Stores,King,Jean,7025551838,8489 Strong St.,,Las Vegas,NV,83030,USA,1166.0,71800.0
114,"Australian Collectors, Co.",Ferguson,Peter,03 9520 4555,636 St Kilda Road,Level 3,Melbourne,Victoria,3004,Australia,1611.0,117300.0
119,La Rochelle Gifts,Labrune,Janine ,40.67.8555,"67, rue des Cinquante Otages",,Nantes,,44000,France,1370.0,118200.0
121,Baane Mini Imports,Bergulfsen,Jonas ,07-98 9555,Erling Skakkes gate 78,,Stavern,,4110,Norway,1504.0,81700.0
124,Mini Gifts Distributors Ltd.,Nelson,Susan,4155551450,5677 Strong St.,,San Rafael,CA,97562,USA,1165.0,210500.0
125,Havel & Zbyszek Co,Piestrzeniewicz,Zbyszek ,(26) 642-7555,ul. Filtrowa 68,,Warszawa,,01-012,Poland,,0.0
128,"Blauer See Auto, Co.",Keitel,Roland,+49 69 66 90 2555,Lyonerstr. 34,,Frankfurt,,60528,Germany,1504.0,59700.0
129,Mini Wheels Co.,Murphy,Julie,6505555787,5557 North Pendale Street,,San Francisco,CA,94217,USA,1165.0,64600.0
131,Land of Toys Inc.,Lee,Kwai,2125557818,897 Long Airport Avenue,,NYC,NY,10022,USA,1323.0,114900.0
141,Euro+ Shopping Channel,Freyre,Diego ,(91) 555 94 44,"C/ Moralzarzal, 86",,Madrid,,28034,Spain,1370.0,227600.0
144,"Volvo Model Replicas, Co",Berglund,Christina ,0921-12 3555,Berguvsvägen  8,,Luleå,,S-958 22,Sweden,1504.0,53100.0
145,Danish Wholesale Imports,Petersen,Jytte ,31 12 3555,Vinbæltet 34,,Kobenhavn,,1734,Denmark,1401.0,83400.0
146,"Saveley & Henriot, Co.",Saveley,Mary ,78.32.5555,"2, rue du Commerce",,Lyon,,69004,France,1337.0,123900.0
148,"Dragon Souveniers, Ltd.",Natividad,Eric,+65 221 7555,Bronz Sok.,Bronz Apt. 3/6 Tesvikiye,Singapore,,079903,Singapore,1621.0,103800.0
151,Muscle Machine Inc,Young,Jeff,2125557413,4092 Furth Circle,Suite 400,NYC,NY,10022,USA,1286.0,138500.0
157,Diecast Classics Inc.,Leong,Kelvin,2155551555,7586 Pompton St.,,Allentown,PA,70267,USA,1216.0,100600.0
161,Technics Stores Inc.,Hashimoto,Juri,6505556809,9408 Furth Circle,,Burlingame,CA,94217,USA,1165.0,84600.0
166,Handji Gifts& Co,Victorino,Wendy,+65 224 1555,106 Linden Road Sandown,2nd Floor,Singapore,,069045,Singapore,1612.0,97900.0
167,Herkku Gifts,Oeztan,Veysel,+47 2267 3215,Brehmen St. 121,PR 334 Sentrum,Bergen,,N 5804,Norway  ,1504.0,96800.0
