set_num,name,year,theme_id,num_parts
00-1,Weetabix Castle,1970,414,471
0011-2,Town Mini-Figures,1978,84,12
0011-3,Castle 2 for 1 Bonus Offer,1987,199,2
0012-1,Space Mini-Figures,1979,143,12
0013-1,Space Mini-Figures,1979,143,12
0014-1,Space Mini-Figures,1979,143,12
0015-1,Space Mini-Figures,1979,143,18
0016-1,Castle Mini Figures,1978,186,15
00-2,Weetabix Promotional House 1,1976,413,147
00-3,Weetabix Promotional House 2,1976,413,149
00-4,Weetabix Promotional Windmill,1976,413,126
005-1,Basic Building Set in Cardboard,1965,366,35
00-6,Special Offer,1985,67,3
00-7,Weetabix Promotional Lego Village,1976,413,3
010-1,Basic Building Set in Cardboard,1965,366,57
010-3,Basic Building Set,1968,366,77
011-1,Basic Building Set,1968,366,145
022-1,Basic Building Set,1968,366,110
03093-1,The Race to Build It Board Game,1999,502,70
033-2,Basic Building Set,1968,366,177
